ORDEM;CENTROCUS;CENTRODECUSTO;IDANALITICA;ANALITICA;IDCATEGORIA;FCCATEGORIA
1;6120102;C8C - #D&/F=98/*H - +()-*#C=+98#=8; ;!#LUGU2L D2 =M55V2=8;17;C55m5514r!# !#ç55 !#c2rt55 !#lv!#r55 2 F2rd=98!#98d55
10;;; ;(F=98) R2982G55C=!#C!#55 F=98!#98C=M 5514!#CC!#R;60;25-F=98!#98C=!#M298T558
100;270111;CH#()-C+ - *-F+*&# =&+B=L=Z#D+; ;;56;29-=M55B=L=Z!#D55
101;270104;CH#()-C+ - 8-*V=Ç+ D- =988@#L#ÇÃ+; ;;18;L55j!#
102;6120123;C8C - #D&/F=98/*H - #CC; ;;64;!#CC
103;6120107;C8C - #D&/F=98/*H - #88=8@. @-C; ;;35;!#DM/F=98/RH/C5598TR55/F=8C!#L/C5598T
104;6120108;C8C - #D&/F=98/*H - C+& #L&+X; ;;35;!#DM/F=98/RH/C5598TR55/F=8C!#L/C5598T
105;6120113;C8C - #D&/F=98/*H - C+& =&()+*@; ;;35;!#DM/F=98/RH/C5598TR55/F=8C!#L/C5598T
106;6120109;C8C - #D&/F=98/*H - C+& &#@ ()*=&#; ;;35;!#DM/F=98/RH/C5598TR55/F=8C!#L/C5598T
107;6120110;C8C - #D&/F=98/*H - C+& ()/ *-V-98D#; ;;35;!#DM/F=98/RH/C5598TR55/F=8C!#L/C5598T
108;6120114;C8C - #D&/F=98/*H - D-()*-C/#&+*@; ;;35;!#DM/F=98/RH/C5598TR55/F=8C!#L/C5598T
109;6120115;C8C - #D&/F=98/*H - D-8() J.*+8 F=98; ;;60;25-F=98!#98C=!#M298T558
11;;; ;(F=98) R2982G55C=!#C!#55 F=98!#98C=M298T55 8!#98T!#98D2;60;25-F=98!#98C=!#M298T558
110;6120121;C8C - #D&/F=98/*H - F=98#98C=#&-98@+8; ;;60;25-F=98!#98C=!#M298T558
111;6120122;C8C - #D&/F=98/*H - F=98=&(); ;;63;28-F=98=M5514
112;6120101;C8C - #D&/F=98/*H - F+LH#; ;;35;!#DM/F=98/RH/C5598TR55/F=8C!#L/C5598T
113;6120103;C8C - #D&/F=98/*H - F*-@-; ;;35;!#DM/F=98/RH/C5598TR55/F=8C!#L/C5598T
114;6120105;C8C - #D&/F=98/*H - =&+B #@=V+8; ;;56;29-=M55B=L=Z!#D55
115;6120106;C8C - #D&/F=98/*H - =&+B D-8()-8#; ;;56;29-=M55B=L=Z!#D55
116;6120120;C8C - #D&/F=98/*H - =&()+8@+ =C&8; ;;58;15-=M5514558T558 =CM8
117;6120102;C8C - #D&/F=98/*H - +()-*#C=+98#=8; ;;35;!#DM/F=98/RH/C5598TR55/F=8C!#L/C5598T
118;6120112;C8C - #D&/F=98/*H - *-F+*&# D-8(); ;;35;!#DM/F=98/RH/C5598TR55/F=8C!#L/C5598T
119;6120111;C8C - #D&/F=98/*H - *-F+*&# =&+B; ;;35;!#DM/F=98/RH/C5598TR55/F=8C!#L/C5598T
12;;; ;(F=98) R2982G55C=!#C!#55 F=98!#98C=M298T55 8=CR2D=;60;25-F=98!#98C=!#M298T558
120;6120118;C8C - #D&/F=98/*H - *=8C+ 8#C#D+; ;;45;R=8c55 8!#c!#d55
121;6120104;C8C - #D&/F=98/*H - 8-*V=Ç+ =988@; ;;35;!#DM/F=98/RH/C5598TR55/F=8C!#L/C5598T
122;6120119;C8C - #D&/F=98/*H - @X C#*@#+ C*-D; ;;35;!#DM/F=98/RH/C5598TR55/F=8C!#L/C5598T
123;190107;C.=#B# - #88=8@-98C=# @34C98=C#; ;;18;L55j!#
124;190108;C.=#B# - C+&()*#8 #L&+X#*=F#D+; ;;18;L55j!#
125;190113;C.=#B# - C+&()*#8 =&()+*@#ÇÃ+; ;;62;27-=M551455RT!#ÇÃ55
126;190109;C.=#B# - C+&()*#8 &#@34*=# ()*=&#; ;;18;L55j!#
127;190110;C.=#B# - C+&()*#8 ()#*# *-V-98D#; ;;2;10-5514!#G!#M298T55 F55R982C2D55R28 L55J!#8
128;190101;C.=#B# - F+LH#; ;;19;F55lh!# L55j!#
129;190103;C.=#B# - F*-@-; ;;20;Fr2t2
13;;; ;(F=98) R2982G55C=!#C!#55 F=98=M5514;63;28-F=98=M5514
130;190105;C.=#B# - =&+B=L=Z#D+ #@=V+8; ;;56;29-=M55B=L=Z!#D55
131;190106;C.=#B# - =&+B=L=Z#D+ D-8()-8#8; ;;56;29-=M55B=L=Z!#D55
132;190102;C.=#B# - +()-*#C=+98#=8; ;;18;L55j!#
133;190112;C.=#B# - *-F+*&# D-8()-8#8; ;;18;L55j!#
134;190111;C.=#B# - *-F+*&# =&+B=L=Z#D+; ;;56;29-=M55B=L=Z!#D55
135;190104;C.=#B# - 8-*V=Ç+ D- =988@#L#ÇÃ+; ;;18;L55j!#
136;70107;C.*=@=B# - #88=8@-98C=# @34C98=C#; ;;18;L55j!#
137;70108;C.*=@=B# - C+&()*#8 #L&+X#*=F#D+; ;;18;L55j!#
138;70113;C.*=@=B# - C+&()*#8 =&()+*@#ÇÃ+; ;;62;27-=M551455RT!#ÇÃ55
139;70109;C.*=@=B# - C+&()*#8 &#@34*=# ()*=&#; ;;18;L55j!#
14;;; ;(F=98) R2982G55C=!#ÇÃ55 5514!#RC2L!#M298T55 C8LL;60;25-F=98!#98C=!#M298T558
140;70110;C.*=@=B# - C+&()*#8 ()#*# *-V-98D#; ;;2;10-5514!#G!#M298T55 F55R982C2D55R28 L55J!#8
141;70101;C.*=@=B# - F+LH#; ;;19;F55lh!# L55j!#
142;70103;C.*=@=B# - F*-@-; ;;20;Fr2t2
143;70105;C.*=@=B# - =&+B=L=Z#D+ #@=V+8; ;;56;29-=M55B=L=Z!#D55
144;70106;C.*=@=B# - =&+B=L=Z#D+ D-8()-8#8; ;;56;29-=M55B=L=Z!#D55
145;70102;C.*=@=B# - +()-*#C=+98#=8; ;;18;L55j!#
146;70112;C.*=@=B# - *-F+*&# D-8()-8#8; ;;18;L55j!#
147;70111;C.*=@=B# - *-F+*&# =&+B=L=Z#D+; ;;56;29-=M55B=L=Z!#D55
148;70104;C.*=@=B# - 8-*V=Ç+ D- =988@#L#ÇÃ+; ;;18;L55j!#
149;150107;C.*=@=B# == - #88=8@-98C=# @34C98=C#; ;;18;L55j!#
15;;; ;(F=98) R2982G55C=!#C!#55 5514!#RC2L!#M298T55 =CM8;60;25-F=98!#98C=!#M298T558
150;150108;C.*=@=B# == - C+&()*#8 #L&+X#*=F#D+; ;;18;L55j!#
151;150113;C.*=@=B# == - C+&()*#8 =&()+*@#ÇÃ+; ;;62;27-=M551455RT!#ÇÃ55
152;150109;C.*=@=B# == - C+&()*#8 &#@34*=# ()*=&#; ;;18;L55j!#
153;150110;C.*=@=B# == - C+&()*#8 ()#*# *-V-98D#; ;;18;L55j!#
154;150101;C.*=@=B# == - F+LH#; ;;19;F55lh!# L55j!#
155;150103;C.*=@=B# == - F*-@-; ;;20;Fr2t2
156;150105;C.*=@=B# == - =&+B=L=Z#D+ #@=V+8; ;;56;29-=M55B=L=Z!#D55
157;150106;C.*=@=B# == - =&+B=L=Z#D+ D-8()-8#8; ;;56;29-=M55B=L=Z!#D55
158;150102;C.*=@=B# == - +()-*#C=+98#=8; ;;18;L55j!#
159;150112;C.*=@=B# == - *-F+*&# D-8()-8#8; ;;18;L55j!#
16;;; ;(F=98) R2982G55C=!#ÇÃ55 5514!#RC2L!#M298T55 =R5514J;60;25-F=98!#98C=!#M298T558
160;150111;C.*=@=B# == - *-F+*&# =&+B=L=Z#D+; ;;56;29-=M55B=L=Z!#D55
161;150104;C.*=@=B# == - 8-*V=Ç+ D- =988@#L#ÇÃ+; ;;18;L55j!#
162;6170107;CWB - L+J# - #88=8@. @-C; ;;18;L55j!#
163;6170108;CWB - L+J# - C+& #L&+X; ;;18;L55j!#
164;6170113;CWB - L+J# - C+& =&()+*@; ;;18;L55j!#
165;6170109;CWB - L+J# - C+& &#@ ()*=&#; ;;18;L55j!#
166;6170110;CWB - L+J# - C+& ()/ *-V-98D#; ;;18;L55j!#
167;6170101;CWB - L+J# - F+LH#; ;;19;F55lh!# L55j!#
168;6170103;CWB - L+J# - F*-@-; ;;20;Fr2t2
169;6170105;CWB - L+J# - =&+B #@=V+8; ;;56;29-=M55B=L=Z!#D55
17;;; ;JUR558 8/ F=98!#98C=!#M298T55;60;25-F=98!#98C=!#M298T558
170;6170106;CWB - L+J# - =&+B D-8()-8#; ;;18;L55j!#
171;6170102;CWB - L+J# - +()-*#C=+98#=8; ;;18;L55j!#
172;6170112;CWB - L+J# - *-F+*&# D-8(); ;;18;L55j!#
173;6170111;CWB - L+J# - *-F+*&# =&+B; ;;18;L55j!#
174;6170104;CWB - L+J# - 8-*V=Ç+ =988@; ;;18;L55j!#
175;6300107;DF# - L+J# - #88=8@. @-C; ;;18;L55j!#
176;6300108;DF# - L+J# - C+& #L&+X; ;;18;L55j!#
177;6300113;DF# - L+J# - C+& =&()+*@; ;;18;L55j!#
178;6300109;DF# - L+J# - C+& &#@ ()*=&#; ;;18;L55j!#
179;6300110;DF# - L+J# - C+& ()/ *-V-98D#; ;;18;L55j!#
18;;; ;(F=98) F=98!#98C=!#M298T55 30 M=LHÕ28;60;25-F=98!#98C=!#M298T558
180;6300101;DF# - L+J# - F+LH#; ;;19;F55lh!# L55j!#
181;6300103;DF# - L+J# - F*-@-; ;;20;Fr2t2
182;6300105;DF# - L+J# - =&+B #@=V+8; ;;18;L55j!#
183;6300106;DF# - L+J# - =&+B D-8()-8#; ;;18;L55j!#
184;6300102;DF# - L+J# - +()-*#C=+98#=8; ;;18;L55j!#
185;6300112;DF# - L+J# - *-F+*&# D-8(); ;;18;L55j!#
186;6300111;DF# - L+J# - *-F+*&# =&+B; ;;18;L55j!#
187;6300104;DF# - L+J# - 8-*V=Ç+ =988@; ;;18;L55j!#
188;6260107;D=*-@+*=# - D=* - #88=8@. @-C; ;;44;D=r2t55r=!#
189;6260108;D=*-@+*=# - D=* - C+& #L&+X; ;;44;D=r2t55r=!#
19;;; ;F=98=M5514 =98T2R9855;63;28-F=98=M5514
190;6260113;D=*-@+*=# - D=* - C+& =&()+*@; ;;44;D=r2t55r=!#
191;6260109;D=*-@+*=# - D=* - C+& &#@ ()*=&#; ;;44;D=r2t55r=!#
192;6260110;D=*-@+*=# - D=* - C+& ()/ *-V-98D#; ;;44;D=r2t55r=!#
193;6260101;D=*-@+*=# - D=* - F+LH#; ;;44;D=r2t55r=!#
194;6260103;D=*-@+*=# - D=* - F*-@-; ;;44;D=r2t55r=!#
195;6260105;D=*-@+*=# - D=* - =&+B #@=V+8; ;;56;29-=M55B=L=Z!#D55
196;6260106;D=*-@+*=# - D=* - =&+B D-8()-8#; ;;56;29-=M55B=L=Z!#D55
197;6260102;D=*-@+*=# - D=* - +()-*#C=+98#=8; ;;44;D=r2t55r=!#
198;6260112;D=*-@+*=# - D=* - *-F+*&# D-8(); ;;44;D=r2t55r=!#
199;6260111;D=*-@+*=# - D=* - *-F+*&# =&+B; ;;56;29-=M55B=L=Z!#D55
2;;; ;(F=98) F=98!#98C=!#M298T55 B98D28 C5514;60;25-F=98!#98C=!#M298T558
20;;; ;JUR558 8/ F=98=M5514;63;28-F=98=M5514
200;6260104;D=*-@+*=# - D=* - 8-*V=Ç+ =988@; ;;44;D=r2t55r=!#
201;6040107;-8Q - C+&-*C=#L - #88=8@. @-C; ;;30;28qu!#dr=!#8 C55m2rc=!#l
202;6040108;-8Q - C+&-*C=#L - C+& #L&+X; ;;30;28qu!#dr=!#8 C55m2rc=!#l
203;6040113;-8Q - C+&-*C=#L - C+& =&()+*@; ;;30;28qu!#dr=!#8 C55m2rc=!#l
204;6040109;-8Q - C+&-*C=#L - C+& &#@ ()*=&#; ;;30;28qu!#dr=!#8 C55m2rc=!#l
205;6040110;-8Q - C+&-*C=#L - C+& ()/ *-V-98D#; ;;30;28qu!#dr=!#8 C55m2rc=!#l
206;6040101;-8Q - C+&-*C=#L - F+LH#; ;;30;28qu!#dr=!#8 C55m2rc=!#l
207;6040103;-8Q - C+&-*C=#L - F*-@-; ;;30;28qu!#dr=!#8 C55m2rc=!#l
208;6040105;-8Q - C+&-*C=#L - =&+B #@=V+8; ;;56;29-=M55B=L=Z!#D55
209;6040106;-8Q - C+&-*C=#L - =&+B D-8()-8#; ;;56;29-=M55B=L=Z!#D55
21;;; ;T!#X!#8 D2 B!#=X!# D2 B55L2T558;35;!#DM/F=98/RH/C5598TR55/F=8C!#L/C5598T
210;6040102;-8Q - C+&-*C=#L - +()-*#C=+98#=8; ;;30;28qu!#dr=!#8 C55m2rc=!#l
211;6040112;-8Q - C+&-*C=#L - *-F+*&# D-8(); ;;30;28qu!#dr=!#8 C55m2rc=!#l
212;6040111;-8Q - C+&-*C=#L - *-F+*&# =&+B; ;;30;28qu!#dr=!#8 C55m2rc=!#l
213;6040104;-8Q - C+&-*C=#L - 8-*V=Ç+ =988@; ;;30;28qu!#dr=!#8 C55m2rc=!#l
214;6050107;-8Q - =98D.8@*=# - #88=8@. @-C; ;;31;28qu!#dr=!#8 =98du8tr=!#l
215;6050108;-8Q - =98D.8@*=# - C+& #L&+X; ;;31;28qu!#dr=!#8 =98du8tr=!#l
216;6050113;-8Q - =98D.8@*=# - C+& =&()+*@; ;;31;28qu!#dr=!#8 =98du8tr=!#l
217;6050109;-8Q - =98D.8@*=# - C+& &#@ ()*=&#; ;2982RG=!# 2L2TR=C!#;5;12-5514!#G!#M298T55 F55R982C2D55R28 =98D. 28QU!#DR=!#8
218;6050109;-8Q - =98D.8@*=# - C+& &#@ ()*=&#; ;;31;28qu!#dr=!#8 =98du8tr=!#l
219;6050110;-8Q - =98D.8@*=# - C+& ()/ *-V-98D#; ;2982RG=!# 2L2TR=C!#;5;12-5514!#G!#M298T55 F55R982C2D55R28 =98D. 28QU!#DR=!#8
22;;; ;(F=98) 5514!#G!#M298T55 D2 C5598T!#8;9;5514R55J2ÇÃ55 D2 C55M5514R!#8 90 D=!#8
220;6050110;-8Q - =98D.8@*=# - C+& ()/ *-V-98D#; ;;31;28qu!#dr=!#8 =98du8tr=!#l
221;6050101;-8Q - =98D.8@*=# - F+LH#; ;;31;28qu!#dr=!#8 =98du8tr=!#l
222;6050103;-8Q - =98D.8@*=# - F*-@-; ;2982RG=!# 2L2TR=C!#;5;12-5514!#G!#M298T55 F55R982C2D55R28 =98D. 28QU!#DR=!#8
223;6050103;-8Q - =98D.8@*=# - F*-@-; ;;31;28qu!#dr=!#8 =98du8tr=!#l
224;6050105;-8Q - =98D.8@*=# - =&+B #@=V+8; ;;56;29-=M55B=L=Z!#D55
225;6050106;-8Q - =98D.8@*=# - =&+B D-8()-8#; ;;56;29-=M55B=L=Z!#D55
226;6050102;-8Q - =98D.8@*=# - +()-*#C=+98#=8; ;;31;28qu!#dr=!#8 =98du8tr=!#l
227;6050112;-8Q - =98D.8@*=# - *-F+*&# D-8(); ;;31;28qu!#dr=!#8 =98du8tr=!#l
228;6050111;-8Q - =98D.8@*=# - *-F+*&# =&+B; ;;31;28qu!#dr=!#8 =98du8tr=!#l
229;6050104;-8Q - =98D.8@*=# - 8-*V=Ç+ =988@; ;;31;28qu!#dr=!#8 =98du8tr=!#l
23;;; ;(F=98) !#D=!#98T D2 CL=298T28;9;5514R55J2ÇÃ55 D2 C55M5514R!#8 90 D=!#8
230;6200107;-X()#988#+ - -X()#988#+ - #88=8@. @-C; ;;52;2x5514!#988ã55
231;6200108;-X()#988#+ - -X()#988#+ - C+& #L&+X; ;;52;2x5514!#988ã55
232;6200113;-X()#988#+ - -X()#988#+ - C+& =&()+*@; ;;52;2x5514!#988ã55
233;6200109;-X()#988#+ - -X()#988#+ - C+& &#@ ()*=&#; ;;52;2x5514!#988ã55
234;6200110;-X()#988#+ - -X()#988#+ - C+& ()/ *-V-98D#; ;;52;2x5514!#988ã55
235;6200101;-X()#988#+ - -X()#988#+ - F+LH#; ;;52;2x5514!#988ã55
236;6200103;-X()#988#+ - -X()#988#+ - F*-@-; ;;52;2x5514!#988ã55
237;6200105;-X()#988#+ - -X()#988#+ - =&+B #@=V+8; ;;56;29-=M55B=L=Z!#D55
238;6200106;-X()#988#+ - -X()#988#+ - =&+B D-8()-8#; ;;56;29-=M55B=L=Z!#D55
239;6200102;-X()#988#+ - -X()#988#+ - +()-*#C=+98#=8; ;;52;2x5514!#988ã55
24;130107;B#.*. - #88=8@-98C=# @34C98=C#; ;;18;L55j!#
240;6200112;-X()#988#+ - -X()#988#+ - *-F+*&# D-8(); ;;52;2x5514!#988ã55
241;6200111;-X()#988#+ - -X()#988#+ - *-F+*&# =&+B; ;;52;2x5514!#988ã55
242;6200104;-X()#988#+ - -X()#988#+ - 8-*V=Ç+ =988@; ;;52;2x5514!#988ã55
243;60107;FL+*=()# - #88=8@-98C=# @34C98=C#; ;;18;L55j!#
244;60108;FL+*=()# - C+&()*#8 #L&+X#*=F#D+; ;;18;L55j!#
245;60113;FL+*=()# - C+&()*#8 =&()+*@#ÇÃ+; ;;62;27-=M551455RT!#ÇÃ55
246;60109;FL+*=()# - C+&()*#8 &#@34*=# ()*=&#; ;;18;L55j!#
247;60110;FL+*=()# - C+&()*#8 ()#*# *-V-98D#; ;;2;10-5514!#G!#M298T55 F55R982C2D55R28 L55J!#8
248;60101;FL+*=()# - F+LH#; ;;19;F55lh!# L55j!#
249;60103;FL+*=()# - F*-@-; ;;20;Fr2t2
25;130108;B#.*. - C+&()*#8 #L&+X#*=F#D+; ;;18;L55j!#
250;60105;FL+*=()# - =&+B=L=Z#D+ #@=V+8; ;;56;29-=M55B=L=Z!#D55
251;60106;FL+*=()# - =&+B=L=Z#D+ D-8()-8#8; ;;56;29-=M55B=L=Z!#D55
252;60102;FL+*=()# - +()-*#C=+98#=8; ;;18;L55j!#
253;60112;FL+*=()# - *-F+*&# D-8()-8#8; ;;18;L55j!#
254;60111;FL+*=()# - *-F+*&# =&+B=L=Z#D+; ;;56;29-=M55B=L=Z!#D55
255;60104;FL+*=()# - 8-*V=Ç+ D- =988@#L#ÇÃ+; ;;18;L55j!#
256;170107;F+Z - #88=8@-98C=# @34C98=C#; ;;18;L55j!#
257;170108;F+Z - C+&()*#8 #L&+X#*=F#D+; ;;18;L55j!#
258;170113;F+Z - C+&()*#8 =&()+*@#ÇÃ+; ;;62;27-=M551455RT!#ÇÃ55
259;170109;F+Z - C+&()*#8 &#@34*=# ()*=&#; ;;18;L55j!#
26;130113;B#.*. - C+&()*#8 =&()+*@#ÇÃ+; ;;62;27-=M551455RT!#ÇÃ55
260;170110;F+Z - C+&()*#8 ()#*# *-V-98D#; ;;2;10-5514!#G!#M298T55 F55R982C2D55R28 L55J!#8
261;170101;F+Z - F+LH#; ;;19;F55lh!# L55j!#
262;170103;F+Z - F*-@-; ;;20;Fr2t2
263;170105;F+Z - =&+B=L=Z#D+ #@=V+8; ;;56;29-=M55B=L=Z!#D55
264;170106;F+Z - =&+B=L=Z#D+ D-8()-8#8; ;;56;29-=M55B=L=Z!#D55
265;170102;F+Z - +()-*#C=+98#=8; ;;18;L55j!#
266;170112;F+Z - *-F+*&# D-8()-8#8; ;;18;L55j!#
267;170111;F+Z - *-F+*&# =&+B=L=Z#D+; ;;56;29-=M55B=L=Z!#D55
268;170104;F+Z - 8-*V=Ç+ D- =988@#L#ÇÃ+; ;;18;L55j!#
269;6220107;G-8.=98D - =98D - #88=8@. @-C; ;;32;G28tã55 =98du8tr=!#8
27;130109;B#.*. - C+&()*#8 &#@34*=# ()*=&#; ;;18;L55j!#
270;6220108;G-8.=98D - =98D - C+& #L&+X; ;;32;G28tã55 =98du8tr=!#8
271;6220113;G-8.=98D - =98D - C+& =&()+*@; ;;32;G28tã55 =98du8tr=!#8
272;6220109;G-8.=98D - =98D - C+& &#@ ()*=&#; ;;32;G28tã55 =98du8tr=!#8
273;6220110;G-8.=98D - =98D - C+& ()/ *-V-98D#; ;;32;G28tã55 =98du8tr=!#8
274;6220101;G-8.=98D - =98D - F+LH#; ;;32;G28tã55 =98du8tr=!#8
275;6220103;G-8.=98D - =98D - F*-@-; ;;32;G28tã55 =98du8tr=!#8
276;6220105;G-8.=98D - =98D - =&+B #@=V+8; ;;56;29-=M55B=L=Z!#D55
277;6220106;G-8.=98D - =98D - =&+B D-8()-8#; ;;56;29-=M55B=L=Z!#D55
278;6220102;G-8.=98D - =98D - +()-*#C=+98#=8; ;;32;G28tã55 =98du8tr=!#8
279;6220112;G-8.=98D - =98D - *-F+*&# D-8(); ;;32;G28tã55 =98du8tr=!#8
28;130110;B#.*. - C+&()*#8 ()#*# *-V-98D#; ;;2;10-5514!#G!#M298T55 F55R982C2D55R28 L55J!#8
280;6220111;G-8.=98D - =98D - *-F+*&# =&+B; ;;32;G28tã55 =98du8tr=!#8
281;6220104;G-8.=98D - =98D - 8-*V=Ç+ =988@; ;;32;G28tã55 =98du8tr=!#8
282;180107;G+=#98=# - #88=8@-98C=# @34C98=C#; ;;18;L55j!#
283;180108;G+=#98=# - C+&()*#8 #L&+X#*=F#D+; ;;18;L55j!#
284;180113;G+=#98=# - C+&()*#8 =&()+*@#ÇÃ+; ;;62;27-=M551455RT!#ÇÃ55
285;180109;G+=#98=# - C+&()*#8 &#@34*=# ()*=&#; ;;18;L55j!#
286;180110;G+=#98=# - C+&()*#8 ()#*# *-V-98D#; ;;2;10-5514!#G!#M298T55 F55R982C2D55R28 L55J!#8
287;180101;G+=#98=# - F+LH#; ;;19;F55lh!# L55j!#
288;180103;G+=#98=# - F*-@-; ;;20;Fr2t2
289;180105;G+=#98=# - =&+B=L=Z#D+ #@=V+8; ;;56;29-=M55B=L=Z!#D55
29;130101;B#.*. - F+LH#; ;;19;F55lh!# L55j!#
290;180106;G+=#98=# - =&+B=L=Z#D+ D-8()-8#8; ;;56;29-=M55B=L=Z!#D55
291;180102;G+=#98=# - +()-*#C=+98#=8; ;;18;L55j!#
292;180112;G+=#98=# - *-F+*&# D-8()-8#8; ;;18;L55j!#
293;180111;G+=#98=# - *-F+*&# =&+B=L=Z#D+; ;;56;29-=M55B=L=Z!#D55
294;180104;G+=#98=# - 8-*V=Ç+ D- =988@#L#ÇÃ+; ;;18;L55j!#
295;6230107;G+'8 - G+'8 - #88=8@. @-C; ;;21;G55'8
296;6230108;G+'8 - G+'8 - C+& #L&+X; ;;21;G55'8
297;6230113;G+'8 - G+'8 - C+& =&()+*@; ;;21;G55'8
298;6230109;G+'8 - G+'8 - C+& &#@ ()*=&#; ;;21;G55'8
299;6230110;G+'8 - G+'8 - C+& ()/ *-V-98D#; ;;21;G55'8
3;;; ;(F=98) JUR558 F=98!#98C=!#M298T55 =T!#U;60;25-F=98!#98C=!#M298T558
30;130103;B#.*. - F*-@-; ;;20;Fr2t2
300;6230101;G+'8 - G+'8 - F+LH#; ;;21;G55'8
301;6230103;G+'8 - G+'8 - F*-@-; ;;21;G55'8
302;6230105;G+'8 - G+'8 - =&+B #@=V+8; ;;56;29-=M55B=L=Z!#D55
303;6230106;G+'8 - G+'8 - =&+B D-8()-8#; ;;56;29-=M55B=L=Z!#D55
304;6230102;G+'8 - G+'8 - +()-*#C=+98#=8; ;;21;G55'8
305;6230112;G+'8 - G+'8 - *-F+*&# D-8(); ;;21;G55'8
306;6230111;G+'8 - G+'8 - *-F+*&# =&+B; ;;21;G55'8
307;6230104;G+'8 - G+'8 - 8-*V=Ç+ =988@; ;;21;G55'8
308;6320107;=$988@#L# - #-*+C.'=$#B# - #88'=$8@. @-C; ;;43;=$988t!#l!# - 55br!#8 C55r551455r!#t'=$v!#8
309;6320108;=$988@#L# - #-*+C.'=$#B# - C+& #L&+X; ;;43;=$988t!#l!# - 55br!#8 C55r551455r!#t'=$v!#8
31;130105;B#.*. - '=$&+B'=$L'=$Z#D+ #@'=$V+8; ;;56;29-'=$M55B'=$L'=$Z!#D55
310;6320113;=$988@#L# - #-*+C.'=$#B# - C+& '=$&()+*@; ;;43;=$988t!#l!# - 55br!#8 C55r551455r!#t'=$v!#8
311;6320109;=$988@#L# - #-*+C.'=$#B# - C+& &#@ ()*'=$&#; ;;43;=$988t!#l!# - 55br!#8 C55r551455r!#t'=$v!#8
312;6320110;=$988@#L# - #-*+C.'=$#B# - C+& ()/ *-V-98D#; ;;43;=$988t!#l!# - 55br!#8 C55r551455r!#t'=$v!#8
313;6320101;=$988@#L# - #-*+C.'=$#B# - F+LH#; ;;43;=$988t!#l!# - 55br!#8 C55r551455r!#t'=$v!#8
314;6320103;=$988@#L# - #-*+C.'=$#B# - F*-@-; ;;43;=$988t!#l!# - 55br!#8 C55r551455r!#t'=$v!#8
315;6320105;=$988@#L# - #-*+C.'=$#B# - '=$&+B #@'=$V+8; ;;56;29-'=$M55B'=$L'=$Z!#D55
316;6320106;=$988@#L# - #-*+C.'=$#B# - '=$&+B D-8()-8#; ;;56;29-'=$M55B'=$L'=$Z!#D55
317;6320102;=$988@#L# - #-*+C.'=$#B# - +()-*#C'=$+98#'=$8; ;;43;=$988t!#l!# - 55br!#8 C55r551455r!#t'=$v!#8
318;6320112;=$988@#L# - #-*+C.'=$#B# - *-F+*&# D-8(); ;;43;=$988t!#l!# - 55br!#8 C55r551455r!#t'=$v!#8
319;6320111;=$988@#L# - #-*+C.'=$#B# - *-F+*&# '=$&+B; ;;43;=$988t!#l!# - 55br!#8 C55r551455r!#t'=$v!#8
32;130106;B#.*. - '=$&+B'=$L'=$Z#D+ D-8()-8#8; ;;56;29-'=$M55B'=$L'=$Z!#D55
320;6320104;=$988@#L# - #-*+C.'=$#B# - 8-*V'=$Ç+ '=$988@; ;;43;=$988t!#l!# - 55br!#8 C55r551455r!#t'=$v!#8
321;6330107;=$988@#L# - C+988@*.8() - #88'=$8@. @-C; ;;43;=$988t!#l!# - 55br!#8 C55r551455r!#t'=$v!#8
322;6330108;=$988@#L# - C+988@*.8() - C+& #L&+X; ;;43;=$988t!#l!# - 55br!#8 C55r551455r!#t'=$v!#8
323;6330113;=$988@#L# - C+988@*.8() - C+& '=$&()+*@; ;;43;=$988t!#l!# - 55br!#8 C55r551455r!#t'=$v!#8
324;6330109;=$988@#L# - C+988@*.8() - C+& &#@ ()*'=$&#; ;;43;=$988t!#l!# - 55br!#8 C55r551455r!#t'=$v!#8
325;6330110;=$988@#L# - C+988@*.8() - C+& ()/ *-V-98D#; ;;43;=$988t!#l!# - 55br!#8 C55r551455r!#t'=$v!#8
326;6330101;=$988@#L# - C+988@*.8() - F+LH#; ;;43;=$988t!#l!# - 55br!#8 C55r551455r!#t'=$v!#8
327;6330103;=$988@#L# - C+988@*.8() - F*-@-; ;;43;=$988t!#l!# - 55br!#8 C55r551455r!#t'=$v!#8
328;6330105;=$988@#L# - C+988@*.8() - '=$&+B #@'=$V+8; ;;56;29-'=$M55B'=$L'=$Z!#D55
329;6330106;=$988@#L# - C+988@*.8() - '=$&+B D-8()-8#; ;;56;29-'=$M55B'=$L'=$Z!#D55
33;130102;B#.*. - +()-*#C'=$+98#'=$8; ;;18;L55j!#
330;6330102;=$988@#L# - C+988@*.8() - +()-*#C'=$+98#'=$8; ;;43;=$988t!#l!# - 55br!#8 C55r551455r!#t'=$v!#8
331;6330112;=$988@#L# - C+988@*.8() - *-F+*&# D-8(); ;;43;=$988t!#l!# - 55br!#8 C55r551455r!#t'=$v!#8
332;6330111;=$988@#L# - C+988@*.8() - *-F+*&# '=$&+B; ;;43;=$988t!#l!# - 55br!#8 C55r551455r!#t'=$v!#8
333;6330104;=$988@#L# - C+988@*.8() - 8-*V'=$Ç+ '=$988@; ;;43;=$988t!#l!# - 55br!#8 C55r551455r!#t'=$v!#8
334;6160107;=$988@#L# - D()@+ @-C. - #88'=$8@. @-C; ;;40;D5514t55 T34c98'=$c55
335;6160108;=$988@#L# - D()@+ @-C. - C+& #L&+X; ;;40;D5514t55 T34c98'=$c55
336;6160113;=$988@#L# - D()@+ @-C. - C+& '=$&()+*@; ;;40;D5514t55 T34c98'=$c55
337;6160109;=$988@#L# - D()@+ @-C. - C+& &#@ ()*'=$&#; ;;40;D5514t55 T34c98'=$c55
338;6160110;=$988@#L# - D()@+ @-C. - C+& ()/ *-V-98D#; ;;40;D5514t55 T34c98'=$c55
339;6160101;=$988@#L# - D()@+ @-C. - F+LH#; ;;40;D5514t55 T34c98'=$c55
34;130112;B#.*. - *-F+*&# D-8()-8#8; ;;18;L55j!#
340;6160103;=$988@#L# - D()@+ @-C. - F*-@-; ;;40;D5514t55 T34c98'=$c55
341;6160105;=$988@#L# - D()@+ @-C. - '=$&+B #@'=$V+8; ;;40;D5514t55 T34c98'=$c55
342;6160106;=$988@#L# - D()@+ @-C. - '=$&+B D-8()-8#; ;;40;D5514t55 T34c98'=$c55
343;6160102;=$988@#L# - D()@+ @-C. - +()-*#C'=$+98#'=$8; ;;40;D5514t55 T34c98'=$c55
344;6160112;=$988@#L# - D()@+ @-C. - *-F+*&# D-8(); ;;40;D5514t55 T34c98'=$c55
345;6160111;=$988@#L# - D()@+ @-C. - *-F+*&# '=$&+B; ;;40;D5514t55 T34c98'=$c55
346;6160104;=$988@#L# - D()@+ @-C. - 8-*V'=$Ç+ '=$988@; ;;40;D5514t55 T34c98'=$c55
347;6150107;=$988@#L# - -8Q.#D*'=$#8 - #88'=$8@. @-C; ;;42;D5514t55 '=$988t!#l!#çõ28 28qu!#dr'=$!#8
348;6150108;=$988@#L# - -8Q.#D*'=$#8 - C+& #L&+X; ;;42;D5514t55 '=$988t!#l!#çõ28 28qu!#dr'=$!#8
349;6150113;=$988@#L# - -8Q.#D*'=$#8 - C+& '=$&()+*@; ;;42;D5514t55 '=$988t!#l!#çõ28 28qu!#dr'=$!#8
35;130111;B#.*. - *-F+*&# '=$&+B'=$L'=$Z#D+; ;;56;29-'=$M55B'=$L'=$Z!#D55
350;6150109;=$988@#L# - -8Q.#D*'=$#8 - C+& &#@ ()*'=$&#; ;;42;D5514t55 '=$988t!#l!#çõ28 28qu!#dr'=$!#8
351;6150110;=$988@#L# - -8Q.#D*'=$#8 - C+& ()/ *-V-98D#; ;;42;D5514t55 '=$988t!#l!#çõ28 28qu!#dr'=$!#8
352;6150101;=$988@#L# - -8Q.#D*'=$#8 - F+LH#; ;;42;D5514t55 '=$988t!#l!#çõ28 28qu!#dr'=$!#8
353;6150103;=$988@#L# - -8Q.#D*'=$#8 - F*-@-; ;;42;D5514t55 '=$988t!#l!#çõ28 28qu!#dr'=$!#8
354;6150105;=$988@#L# - -8Q.#D*'=$#8 - '=$&+B #@'=$V+8; ;;42;D5514t55 '=$988t!#l!#çõ28 28qu!#dr'=$!#8
355;6150106;=$988@#L# - -8Q.#D*'=$#8 - '=$&+B D-8()-8#; ;;42;D5514t55 '=$988t!#l!#çõ28 28qu!#dr'=$!#8
356;6150102;=$988@#L# - -8Q.#D*'=$#8 - +()-*#C'=$+98#'=$8; ;;42;D5514t55 '=$988t!#l!#çõ28 28qu!#dr'=$!#8
357;6150112;=$988@#L# - -8Q.#D*'=$#8 - *-F+*&# D-8(); ;;42;D5514t55 '=$988t!#l!#çõ28 28qu!#dr'=$!#8
358;6150111;=$988@#L# - -8Q.#D*'=$#8 - *-F+*&# '=$&+B; ;;42;D5514t55 '=$988t!#l!#çõ28 28qu!#dr'=$!#8
359;6150104;=$988@#L# - -8Q.#D*'=$#8 - 8-*V'=$Ç+ '=$988@; ;;42;D5514t55 '=$988t!#l!#çõ28 28qu!#dr'=$!#8
36;130104;B#.*. - 8-*V'=$Ç+ D- '=$988@#L#ÇÃ+; ;;18;L55j!#
360;6140107;=$988@#L# - G-*#L - #88'=$8@. @-C; ;;41;D5514t55 T34c98'=$c55 '=$988t!#l!#
361;6140108;=$988@#L# - G-*#L - C+& #L&+X; ;;41;D5514t55 T34c98'=$c55 '=$988t!#l!#
362;6140113;=$988@#L# - G-*#L - C+& '=$&()+*@; ;;41;D5514t55 T34c98'=$c55 '=$988t!#l!#
363;6140109;=$988@#L# - G-*#L - C+& &#@ ()*'=$&#; ;;41;D5514t55 T34c98'=$c55 '=$988t!#l!#
364;6140110;=$988@#L# - G-*#L - C+& ()/ *-V-98D#; ;;41;D5514t55 T34c98'=$c55 '=$988t!#l!#
365;6140101;=$988@#L# - G-*#L - F+LH#; ;;41;D5514t55 T34c98'=$c55 '=$988t!#l!#
366;6140103;=$988@#L# - G-*#L - F*-@-; ;;41;D5514t55 T34c98'=$c55 '=$988t!#l!#
367;6140105;=$988@#L# - G-*#L - '=$&+B #@'=$V+8; ;;41;D5514t55 T34c98'=$c55 '=$988t!#l!#
368;6140106;=$988@#L# - G-*#L - '=$&+B D-8()-8#; ;;41;D5514t55 T34c98'=$c55 '=$988t!#l!#
369;6140102;=$988@#L# - G-*#L - +()-*#C'=$+98#'=$8; ;;41;D5514t55 T34c98'=$c55 '=$988t!#l!#
37;220107;BH - #88'=$8@-98C'=$# @34C98'=$C#; ;;18;L55j!#
370;6140112;=$988@#L# - G-*#L - *-F+*&# D-8(); ;;41;D5514t55 T34c98'=$c55 '=$988t!#l!#
371;6140111;=$988@#L# - G-*#L - *-F+*&# '=$&+B; ;;41;D5514t55 T34c98'=$c55 '=$988t!#l!#
372;6140104;=$988@#L# - G-*#L - 8-*V'=$Ç+ '=$988@; ;;41;D5514t55 T34c98'=$c55 '=$988t!#l!#
373;6310107;=$988@#L# - +B*#8C+*() - #88'=$8@. @-C; ;;43;=$988t!#l!# - 55br!#8 C55r551455r!#t'=$v!#8
374;6310108;=$988@#L# - +B*#8C+*() - C+& #L&+X; ;;43;=$988t!#l!# - 55br!#8 C55r551455r!#t'=$v!#8
375;6310113;=$988@#L# - +B*#8C+*() - C+& '=$&()+*@; ;;43;=$988t!#l!# - 55br!#8 C55r551455r!#t'=$v!#8
376;6310109;=$988@#L# - +B*#8C+*() - C+& &#@ ()*'=$&#; ;;43;=$988t!#l!# - 55br!#8 C55r551455r!#t'=$v!#8
377;6310110;=$988@#L# - +B*#8C+*() - C+& ()/ *-V-98D#; ;;43;=$988t!#l!# - 55br!#8 C55r551455r!#t'=$v!#8
378;6310101;=$988@#L# - +B*#8C+*() - F+LH#; ;;43;=$988t!#l!# - 55br!#8 C55r551455r!#t'=$v!#8
379;6310103;=$988@#L# - +B*#8C+*() - F*-@-; ;;43;=$988t!#l!# - 55br!#8 C55r551455r!#t'=$v!#8
38;220108;BH - C+&()*#8 #L&+X#*'=$F#D+; ;;18;L55j!#
380;6310105;=$988@#L# - +B*#8C+*() - '=$&+B #@'=$V+8; ;;56;29-'=$M55B'=$L'=$Z!#D55
381;6310106;=$988@#L# - +B*#8C+*() - '=$&+B D-8()-8#; ;;56;29-'=$M55B'=$L'=$Z!#D55
382;6310102;=$988@#L# - +B*#8C+*() - +()-*#C'=$+98#'=$8; ;;43;=$988t!#l!# - 55br!#8 C55r551455r!#t'=$v!#8
383;6310112;=$988@#L# - +B*#8C+*() - *-F+*&# D-8(); ;;43;=$988t!#l!# - 55br!#8 C55r551455r!#t'=$v!#8
384;6310111;=$988@#L# - +B*#8C+*() - *-F+*&# '=$&+B; ;;43;=$988t!#l!# - 55br!#8 C55r551455r!#t'=$v!#8
385;6310104;=$988@#L# - +B*#8C+*() - 8-*V'=$Ç+ '=$988@; ;;43;=$988t!#l!# - 55br!#8 C55r551455r!#t'=$v!#8
386;90107;=$@#J#'=$ - #88'=$8@-98C'=$# @34C98'=$C#; ;;18;L55j!#
387;90108;=$@#J#'=$ - C+&()*#8 #L&+X#*'=$F#D+; ;;18;L55j!#
388;90113;=$@#J#'=$ - C+&()*#8 '=$&()+*@#ÇÃ+; ;;62;27-'=$M551455RT!#ÇÃ55
389;90109;=$@#J#'=$ - C+&()*#8 &#@34*'=$# ()*'=$&#; ;;18;L55j!#
39;220113;BH - C+&()*#8 '=$&()+*@#ÇÃ+; ;;62;27-'=$M551455RT!#ÇÃ55
390;90110;=$@#J#'=$ - C+&()*#8 ()#*# *-V-98D#; ;;2;10-5514!#G!#M298T55 F55R982C2D55R28 L55J!#8
391;90101;=$@#J#'=$ - F+LH#; ;;19;F55lh!# L55j!#
392;90103;=$@#J#'=$ - F*-@-; ;;20;Fr2t2
393;90105;=$@#J#'=$ - '=$&+B'=$L'=$Z#D+ #@'=$V+8; ;;56;29-'=$M55B'=$L'=$Z!#D55
394;90106;=$@#J#'=$ - '=$&+B'=$L'=$Z#D+ D-8()-8#8; ;;56;29-'=$M55B'=$L'=$Z!#D55
395;90102;=$@#J#'=$ - +()-*#C'=$+98#'=$8; ;;18;L55j!#
396;90112;=$@#J#'=$ - *-F+*&# D-8()-8#8; ;;18;L55j!#
397;90111;=$@#J#'=$ - *-F+*&# '=$&+B'=$L'=$Z#D+; ;;56;29-'=$M55B'=$L'=$Z!#D55
398;90104;=$@#J#'=$ - 8-*V'=$Ç+ D- '=$988@#L#ÇÃ+; ;;18;L55j!#
399;20107;JVL - #88'=$8@-98C'=$# @34C98'=$C#; ;;18;L55j!#
4;;; ;(F'=$98) R2982G55C'=$!#C!#55 2M5514R28T'=$M55 BR!#D28C55;60;25-F'=$98!#98C'=$!#M298T558
40;220109;BH - C+&()*#8 &#@34*'=$# ()*'=$&#; ;;18;L55j!#
400;20108;JVL - C+&()*#8 #L&+X#*'=$F#D+; ;;18;L55j!#
401;20113;JVL - C+&()*#8 '=$&()+*@#ÇÃ+; ;;62;27-'=$M551455RT!#ÇÃ55
402;20109;JVL - C+&()*#8 &#@34*'=$# ()*'=$&#; ;;18;L55j!#
403;20110;JVL - C+&()*#8 ()#*# *-V-98D#; ;;2;10-5514!#G!#M298T55 F55R982C2D55R28 L55J!#8
404;20101;JVL - F+LH#; ;;19;F55lh!# L55j!#
405;20103;JVL - F*-@-; ;;20;Fr2t2
406;20105;JVL - '=$&+B'=$L'=$Z#D+ #@'=$V+8; ;;56;29-'=$M55B'=$L'=$Z!#D55
407;20106;JVL - '=$&+B'=$L'=$Z#D+ D-8()-8#8; ;;56;29-'=$M55B'=$L'=$Z!#D55
408;20102;JVL - +()-*#C'=$+98#'=$8; ;;18;L55j!#
409;20112;JVL - *-F+*&# D-8()-8#8; ;;18;L55j!#
41;220110;BH - C+&()*#8 ()#*# *-V-98D#; ;;2;10-5514!#G!#M298T55 F55R982C2D55R28 L55J!#8
410;20111;JVL - *-F+*&# '=$&+B'=$L'=$Z#D+; ;;56;29-'=$M55B'=$L'=$Z!#D55
411;20104;JVL - 8-*V'=$Ç+ D- '=$988@#L#ÇÃ+; ;;18;L55j!#
412;50107;L+98D*'=$98# - #88'=$8@-98C'=$# @34C98'=$C#; ;;18;L55j!#
413;50108;L+98D*'=$98# - C+&()*#8 #L&+X#*'=$F#D+; ;;18;L55j!#
414;50113;L+98D*'=$98# - C+&()*#8 '=$&()+*@#ÇÃ+; ;;62;27-'=$M551455RT!#ÇÃ55
415;50109;L+98D*'=$98# - C+&()*#8 &#@34*'=$# ()*'=$&#; ;;18;L55j!#
416;50110;L+98D*'=$98# - C+&()*#8 ()#*# *-V-98D#; ;;2;10-5514!#G!#M298T55 F55R982C2D55R28 L55J!#8
417;50101;L+98D*'=$98# - F+LH#; ;;19;F55lh!# L55j!#
418;50103;L+98D*'=$98# - F*-@-; ;;20;Fr2t2
419;50105;L+98D*'=$98# - '=$&+B'=$L'=$Z#D+ #@'=$V+8; ;;56;29-'=$M55B'=$L'=$Z!#D55
42;220101;BH - F+LH#; ;;19;F55lh!# L55j!#
420;50106;L+98D*'=$98# - '=$&+B'=$L'=$Z#D+ D-8()-8#8; ;;56;29-'=$M55B'=$L'=$Z!#D55
421;50102;L+98D*'=$98# - +()-*#C'=$+98#'=$8; ;;18;L55j!#
422;50112;L+98D*'=$98# - *-F+*&# D-8()-8#8; ;;18;L55j!#
423;50111;L+98D*'=$98# - *-F+*&# '=$&+B'=$L'=$Z#D+; ;;56;29-'=$M55B'=$L'=$Z!#D55
424;50104;L+98D*'=$98# - 8-*V'=$Ç+ D- '=$988@#L#ÇÃ+; ;;18;L55j!#
425;110107;&#*'=$98G# - #88'=$8@-98C'=$# @34C98'=$C#; ;;18;L55j!#
426;110108;&#*'=$98G# - C+&()*#8 #L&+X#*'=$F#D+; ;;18;L55j!#
427;110113;&#*'=$98G# - C+&()*#8 '=$&()+*@#ÇÃ+; ;;62;27-'=$M551455RT!#ÇÃ55
428;110109;&#*'=$98G# - C+&()*#8 &#@34*'=$# ()*'=$&#; ;;18;L55j!#
429;110110;&#*'=$98G# - C+&()*#8 ()#*# *-V-98D#; ;;2;10-5514!#G!#M298T55 F55R982C2D55R28 L55J!#8
43;220103;BH - F*-@-; ;;20;Fr2t2
430;110101;&#*'=$98G# - F+LH#; ;;19;F55lh!# L55j!#
431;110103;&#*'=$98G# - F*-@-; ;;20;Fr2t2
432;110105;&#*'=$98G# - '=$&+B'=$L'=$Z#D+ #@'=$V+8; ;;56;29-'=$M55B'=$L'=$Z!#D55
433;110106;&#*'=$98G# - '=$&+B'=$L'=$Z#D+ D-8()-8#8; ;;56;29-'=$M55B'=$L'=$Z!#D55
434;110102;&#*'=$98G# - +()-*#C'=$+98#'=$8; ;;18;L55j!#
435;110112;&#*'=$98G# - *-F+*&# D-8()-8#8; ;;18;L55j!#
436;110111;&#*'=$98G# - *-F+*&# '=$&+B'=$L'=$Z#D+; ;;56;29-'=$M55B'=$L'=$Z!#D55
437;110104;&#*'=$98G# - 8-*V'=$Ç+ D- '=$988@#L#ÇÃ+; ;;18;L55j!#
438;6280107;&K@ D'=$G. - D'=$G'=$@#L - #88'=$8@. @-C; ;;34;MKT D'=$g'=$t!#l
439;6280108;&K@ D'=$G. - D'=$G'=$@#L - C+& #L&+X; ;;34;MKT D'=$g'=$t!#l
44;220105;BH - '=$&+B'=$L'=$Z#D+ #@'=$V+8; ;;56;29-'=$M55B'=$L'=$Z!#D55
440;6280113;&K@ D'=$G. - D'=$G'=$@#L - C+& '=$&()+*@; ;;34;MKT D'=$g'=$t!#l
441;6280109;&K@ D'=$G. - D'=$G'=$@#L - C+& &#@ ()*'=$&#; ;;34;MKT D'=$g'=$t!#l
442;6280110;&K@ D'=$G. - D'=$G'=$@#L - C+& ()/ *-V-98D#; ;;34;MKT D'=$g'=$t!#l
443;6280101;&K@ D'=$G. - D'=$G'=$@#L - F+LH#; ;;34;MKT D'=$g'=$t!#l
444;6280103;&K@ D'=$G. - D'=$G'=$@#L - F*-@-; ;;34;MKT D'=$g'=$t!#l
445;6280105;&K@ D'=$G. - D'=$G'=$@#L - '=$&+B #@'=$V+8; ;;56;29-'=$M55B'=$L'=$Z!#D55
446;6280106;&K@ D'=$G. - D'=$G'=$@#L - '=$&+B D-8()-8#; ;;56;29-'=$M55B'=$L'=$Z!#D55
447;6280102;&K@ D'=$G. - D'=$G'=$@#L - +()-*#C'=$+98#'=$8; ;;34;MKT D'=$g'=$t!#l
448;6280112;&K@ D'=$G. - D'=$G'=$@#L - *-F+*&# D-8(); ;;34;MKT D'=$g'=$t!#l
449;6280111;&K@ D'=$G. - D'=$G'=$@#L - *-F+*&# '=$&+B; ;;34;MKT D'=$g'=$t!#l
45;220106;BH - '=$&+B'=$L'=$Z#D+ D-8()-8#8; ;;56;29-'=$M55B'=$L'=$Z!#D55
450;6280104;&K@ D'=$G. - D'=$G'=$@#L - 8-*V'=$Ç+ '=$988@; ;;34;MKT D'=$g'=$t!#l
451;6240107;&K@ FÍ8. - F'=$8'=$C+ - #88'=$8@. @-C; ;;33;MKT Fí8'=$c55
452;6240108;&K@ FÍ8. - F'=$8'=$C+ - C+& #L&+X; ;;33;MKT Fí8'=$c55
453;6240113;&K@ FÍ8. - F'=$8'=$C+ - C+& '=$&()+*@; ;;33;MKT Fí8'=$c55
454;6240109;&K@ FÍ8. - F'=$8'=$C+ - C+& &#@ ()*'=$&#; ;;33;MKT Fí8'=$c55
455;6240110;&K@ FÍ8. - F'=$8'=$C+ - C+& ()/ *-V-98D#; ;;33;MKT Fí8'=$c55
456;6240101;&K@ FÍ8. - F'=$8'=$C+ - F+LH#; ;;33;MKT Fí8'=$c55
457;6240103;&K@ FÍ8. - F'=$8'=$C+ - F*-@-; ;;33;MKT Fí8'=$c55
458;6240105;&K@ FÍ8. - F'=$8'=$C+ - '=$&+B #@'=$V+8; ;;56;29-'=$M55B'=$L'=$Z!#D55
459;6240106;&K@ FÍ8. - F'=$8'=$C+ - '=$&+B D-8()-8#; ;;56;29-'=$M55B'=$L'=$Z!#D55
46;220102;BH - +()-*#C'=$+98#'=$8; ;;18;L55j!#
460;6240102;&K@ FÍ8. - F'=$8'=$C+ - +()-*#C'=$+98#'=$8; ;;33;MKT Fí8'=$c55
461;6240112;&K@ FÍ8. - F'=$8'=$C+ - *-F+*&# D-8(); ;;33;MKT Fí8'=$c55
462;6240111;&K@ FÍ8. - F'=$8'=$C+ - *-F+*&# '=$&+B; ;;33;MKT Fí8'=$c55
463;6240104;&K@ FÍ8. - F'=$8'=$C+ - 8-*V'=$Ç+ '=$988@; ;;33;MKT Fí8'=$c55
464;280107;()-L+@#8 - #88'=$8@-98C'=$# @34C98'=$C#; ;;18;L55j!#
465;280108;()-L+@#8 - C+&()*#8 #L&+X#*'=$F#D+; ;;18;L55j!#
466;280113;()-L+@#8 - C+&()*#8 '=$&()+*@#ÇÃ+; ;;62;27-'=$M551455RT!#ÇÃ55
467;280109;()-L+@#8 - C+&()*#8 &#@34*'=$# ()*'=$&#; ;;18;L55j!#
468;280110;()-L+@#8 - C+&()*#8 ()#*# *-V-98D#; ;;2;10-5514!#G!#M298T55 F55R982C2D55R28 L55J!#8
469;280101;()-L+@#8 - F+LH#; ;;19;F55lh!# L55j!#
47;220112;BH - *-F+*&# D-8()-8#8; ;;18;L55j!#
470;280103;()-L+@#8 - F*-@-; ;;20;Fr2t2
471;280105;()-L+@#8 - '=$&+B'=$L'=$Z#D+ #@'=$V+8; ;;56;29-'=$M55B'=$L'=$Z!#D55
472;280106;()-L+@#8 - '=$&+B'=$L'=$Z#D+ D-8()-8#8; ;;56;29-'=$M55B'=$L'=$Z!#D55
473;280102;()-L+@#8 - +()-*#C'=$+98#'=$8; ;;18;L55j!#
474;280112;()-L+@#8 - *-F+*&# D-8()-8#8; ;;18;L55j!#
475;280111;()-L+@#8 - *-F+*&# '=$&+B'=$L'=$Z#D+; ;;56;29-'=$M55B'=$L'=$Z!#D55
476;280104;()-L+@#8 - 8-*V'=$Ç+ D- '=$988@#L#ÇÃ+; ;;18;L55j!#
477;10107;()G - #88'=$8@-98C'=$# @34C98'=$C#; ;;18;L55j!#
478;10108;()G - C+&()*#8 #L&+X#*'=$F#D+; ;;18;L55j!#
479;10113;()G - C+&()*#8 '=$&()+*@#ÇÃ+; ;;62;27-'=$M551455RT!#ÇÃ55
48;220111;BH - *-F+*&# '=$&+B'=$L'=$Z#D+; ;;56;29-'=$M55B'=$L'=$Z!#D55
480;10109;()G - C+&()*#8 &#@34*'=$# ()*'=$&#; ;;18;L55j!#
481;10110;()G - C+&()*#8 ()#*# *-V-98D#; ;;2;10-5514!#G!#M298T55 F55R982C2D55R28 L55J!#8
482;10101;()G - F+LH#; ;;19;F55lh!# L55j!#
483;10103;()G - F*-@-; ;;20;Fr2t2
484;10105;()G - '=$&+B'=$L'=$Z#D+ #@'=$V+8; ;;56;29-'=$M55B'=$L'=$Z!#D55
485;10106;()G - '=$&+B'=$L'=$Z#D+ D-8()-8#8; ;;56;29-'=$M55B'=$L'=$Z!#D55
486;10102;()G - +()-*#C'=$+98#'=$8; ;;18;L55j!#
487;10112;()G - *-F+*&# D-8()-8#8; ;;18;L55j!#
488;10111;()G - *-F+*&# '=$&+B'=$L'=$Z#D+; ;;56;29-'=$M55B'=$L'=$Z!#D55
489;10104;()G - 8-*V'=$Ç+ D- '=$988@#L#ÇÃ+; ;;18;L55j!#
49;220104;BH - 8-*V'=$Ç+ D- '=$988@#L#ÇÃ+; ;;18;L55j!#
490;120107;()+# - #88'=$8@-98C'=$# @34C98'=$C#; ;;18;L55j!#
491;120108;()+# - C+&()*#8 #L&+X#*'=$F#D+; ;;18;L55j!#
492;120113;()+# - C+&()*#8 '=$&()+*@#ÇÃ+; ;;62;27-'=$M551455RT!#ÇÃ55
493;120109;()+# - C+&()*#8 &#@34*'=$# ()*'=$&#; ;;18;L55j!#
494;120110;()+# - C+&()*#8 ()#*# *-V-98D#; ;;2;10-5514!#G!#M298T55 F55R982C2D55R28 L55J!#8
495;120101;()+# - F+LH#; ;;19;F55lh!# L55j!#
496;120103;()+# - F*-@-; ;;20;Fr2t2
497;120105;()+# - '=$&+B'=$L'=$Z#D+ #@'=$V+8; ;;56;29-'=$M55B'=$L'=$Z!#D55
498;120106;()+# - '=$&+B'=$L'=$Z#D+ D-8()-8#8; ;;56;29-'=$M55B'=$L'=$Z!#D55
499;120102;()+# - +()-*#C'=$+98#'=$8; ;;18;L55j!#
5;;; ;(F'=$98) R2982G55C'=$!#C!#55 2M5514R28T'=$M55 '=$T!#U;60;25-F'=$98!#98C'=$!#M298T558
50;210107;B*#8'=$L'=$# - #88'=$8@-98C'=$# @34C98'=$C#; ;;18;L55j!#
500;120112;()+# - *-F+*&# D-8()-8#8; ;;18;L55j!#
501;120111;()+# - *-F+*&# '=$&+B'=$L'=$Z#D+; ;;56;29-'=$M55B'=$L'=$Z!#D55
502;120104;()+# - 8-*V'=$Ç+ D- '=$988@#L#ÇÃ+; ;;18;L55j!#
503;260107;*-C'=$F- - #88'=$8@-98C'=$# @34C98'=$C#; ;;18;L55j!#
504;260108;*-C'=$F- - C+&()*#8 #L&+X#*'=$F#D+; ;;18;L55j!#
505;260113;*-C'=$F- - C+&()*#8 '=$&()+*@#ÇÃ+; ;;62;27-'=$M551455RT!#ÇÃ55
506;260109;*-C'=$F- - C+&()*#8 &#@34*'=$# ()*'=$&#; ;;18;L55j!#
507;260110;*-C'=$F- - C+&()*#8 ()#*# *-V-98D#; ;;2;10-5514!#G!#M298T55 F55R982C2D55R28 L55J!#8
508;260101;*-C'=$F- - F+LH#; ;;19;F55lh!# L55j!#
509;260103;*-C'=$F- - F*-@-; ;;20;Fr2t2
51;210108;B*#8'=$L'=$# - C+&()*#8 #L&+X#*'=$F#D+; ;;18;L55j!#
510;260105;*-C'=$F- - '=$&+B'=$L'=$Z#D+ #@'=$V+8; ;;56;29-'=$M55B'=$L'=$Z!#D55
511;260106;*-C'=$F- - '=$&+B'=$L'=$Z#D+ D-8()-8#8; ;;56;29-'=$M55B'=$L'=$Z!#D55
512;260102;*-C'=$F- - +()-*#C'=$+98#'=$8; ;;18;L55j!#
513;260112;*-C'=$F- - *-F+*&# D-8()-8#8; ;;18;L55j!#
514;260111;*-C'=$F- - *-F+*&# '=$&+B'=$L'=$Z#D+; ;;56;29-'=$M55B'=$L'=$Z!#D55
515;260104;*-C'=$F- - 8-*V'=$Ç+ D- '=$988@#L#ÇÃ+; ;;18;L55j!#
516;100107;*'=$B-'=$*#+ ()*-@+ - #88'=$8@-98C'=$# @34C98'=$C#; ;;18;L55j!#
517;100108;*'=$B-'=$*#+ ()*-@+ - C+&()*#8 #L&+X#*'=$F#D+; ;;18;L55j!#
518;100113;*'=$B-'=$*#+ ()*-@+ - C+&()*#8 '=$&()+*@#ÇÃ+; ;;62;27-'=$M551455RT!#ÇÃ55
519;100109;*'=$B-'=$*#+ ()*-@+ - C+&()*#8 &#@34*'=$# ()*'=$&#; ;;18;L55j!#
52;210113;B*#8'=$L'=$# - C+&()*#8 '=$&()+*@#ÇÃ+; ;;62;27-'=$M551455RT!#ÇÃ55
520;100110;*'=$B-'=$*#+ ()*-@+ - C+&()*#8 ()#*# *-V-98D#; ;;2;10-5514!#G!#M298T55 F55R982C2D55R28 L55J!#8
521;100101;*'=$B-'=$*#+ ()*-@+ - F+LH#; ;;19;F55lh!# L55j!#
522;100103;*'=$B-'=$*#+ ()*-@+ - F*-@-; ;;20;Fr2t2
523;100105;*'=$B-'=$*#+ ()*-@+ - '=$&+B'=$L'=$Z#D+ #@'=$V+8; ;;56;29-'=$M55B'=$L'=$Z!#D55
524;100106;*'=$B-'=$*#+ ()*-@+ - '=$&+B'=$L'=$Z#D+ D-8()-8#8; ;;56;29-'=$M55B'=$L'=$Z!#D55
525;100102;*'=$B-'=$*#+ ()*-@+ - +()-*#C'=$+98#'=$8; ;;18;L55j!#
526;100112;*'=$B-'=$*#+ ()*-@+ - *-F+*&# D-8()-8#8; ;;18;L55j!#
527;100111;*'=$B-'=$*#+ ()*-@+ - *-F+*&# '=$&+B'=$L'=$Z#D+; ;;56;29-'=$M55B'=$L'=$Z!#D55
528;100104;*'=$B-'=$*#+ ()*-@+ - 8-*V'=$Ç+ D- '=$988@#L#ÇÃ+; ;;18;L55j!#
529;240107;*'=$+ ()*-@+ - #88'=$8@-98C'=$# @34C98'=$C#; ;;18;L55j!#
53;210109;B*#8'=$L'=$# - C+&()*#8 &#@34*'=$# ()*'=$&#; ;;18;L55j!#
530;240108;*'=$+ ()*-@+ - C+&()*#8 #L&+X#*'=$F#D+; ;;18;L55j!#
531;240113;*'=$+ ()*-@+ - C+&()*#8 '=$&()+*@#ÇÃ+; ;;62;27-'=$M551455RT!#ÇÃ55
532;240109;*'=$+ ()*-@+ - C+&()*#8 &#@34*'=$# ()*'=$&#; ;;2;10-5514!#G!#M298T55 F55R982C2D55R28 L55J!#8
533;240110;*'=$+ ()*-@+ - C+&()*#8 ()#*# *-V-98D#; ;;2;10-5514!#G!#M298T55 F55R982C2D55R28 L55J!#8
534;240101;*'=$+ ()*-@+ - F+LH#; ;;19;F55lh!# L55j!#
535;240103;*'=$+ ()*-@+ - F*-@-; ;;20;Fr2t2
536;240105;*'=$+ ()*-@+ - '=$&+B'=$L'=$Z#D+ #@'=$V+8; ;;56;29-'=$M55B'=$L'=$Z!#D55
537;240106;*'=$+ ()*-@+ - '=$&+B'=$L'=$Z#D+ D-8()-8#8; ;;56;29-'=$M55B'=$L'=$Z!#D55
538;240102;*'=$+ ()*-@+ - +()-*#C'=$+98#'=$8; ;;18;L55j!#
539;240112;*'=$+ ()*-@+ - *-F+*&# D-8()-8#8; ;;18;L55j!#
54;210110;B*#8'=$L'=$# - C+&()*#8 ()#*# *-V-98D#; ;;2;10-5514!#G!#M298T55 F55R982C2D55R28 L55J!#8
540;240111;*'=$+ ()*-@+ - *-F+*&# '=$&+B'=$L'=$Z#D+; ;;56;29-'=$M55B'=$L'=$Z!#D55
541;240104;*'=$+ ()*-@+ - 8-*V'=$Ç+ D- '=$988@#L#ÇÃ+; ;;18;L55j!#
542;250107;8#LV#D+* - #88'=$8@-98C'=$# @34C98'=$C#; ;;18;L55j!#
543;250108;8#LV#D+* - C+&()*#8 #L&+X#*'=$F#D+; ;;18;L55j!#
544;250113;8#LV#D+* - C+&()*#8 '=$&()+*@#ÇÃ+; ;;62;27-'=$M551455RT!#ÇÃ55
545;250109;8#LV#D+* - C+&()*#8 &#@34*'=$# ()*'=$&#; ;;18;L55j!#
546;250110;8#LV#D+* - C+&()*#8 ()#*# *-V-98D#; ;;2;10-5514!#G!#M298T55 F55R982C2D55R28 L55J!#8
547;250101;8#LV#D+* - F+LH#; ;;19;F55lh!# L55j!#
548;250103;8#LV#D+* - F*-@-; ;;20;Fr2t2
549;250105;8#LV#D+* - '=$&+B'=$L'=$Z#D+ #@'=$V+8; ;;56;29-'=$M55B'=$L'=$Z!#D55
55;210101;B*#8'=$L'=$# - F+LH#; ;;19;F55lh!# L55j!#
550;250106;8#LV#D+* - '=$&+B'=$L'=$Z#D+ D-8()-8#8; ;;56;29-'=$M55B'=$L'=$Z!#D55
551;250102;8#LV#D+* - +()-*#C'=$+98#'=$8; ;;18;L55j!#
552;250112;8#LV#D+* - *-F+*&# D-8()-8#8; ;;18;L55j!#
553;250111;8#LV#D+* - *-F+*&# '=$&+B'=$L'=$Z#D+; ;;56;29-'=$M55B'=$L'=$Z!#D55
554;250104;8#LV#D+* - 8-*V'=$Ç+ D- '=$988@#L#ÇÃ+; ;;18;L55j!#
555;6270107;8-C.*'=$@. - 8-C.*'=$@. - #88'=$8@. @-C; ;;51;82cur'=$t'=$z!#d55r!#
556;6270108;8-C.*'=$@. - 8-C.*'=$@. - C+& #L&+X; ;;51;82cur'=$t'=$z!#d55r!#
557;6270113;8-C.*'=$@. - 8-C.*'=$@. - C+& '=$&()+*@; ;;51;82cur'=$t'=$z!#d55r!#
558;6270109;8-C.*'=$@. - 8-C.*'=$@. - C+& &#@ ()*'=$&#; ;;51;82cur'=$t'=$z!#d55r!#
559;6270110;8-C.*'=$@. - 8-C.*'=$@. - C+& ()/ *-V-98D#; ;;51;82cur'=$t'=$z!#d55r!#
56;210103;B*#8'=$L'=$# - F*-@-; ;;20;Fr2t2
560;6270101;8-C.*'=$@. - 8-C.*'=$@. - F+LH#; ;;51;82cur'=$t'=$z!#d55r!#
561;6270103;8-C.*'=$@. - 8-C.*'=$@. - F*-@-; ;;51;82cur'=$t'=$z!#d55r!#
562;6270105;8-C.*'=$@. - 8-C.*'=$@. - '=$&+B #@'=$V+8; ;;56;29-'=$M55B'=$L'=$Z!#D55
563;6270106;8-C.*'=$@. - 8-C.*'=$@. - '=$&+B D-8()-8#; ;;56;29-'=$M55B'=$L'=$Z!#D55
564;6270102;8-C.*'=$@. - 8-C.*'=$@. - +()-*#C'=$+98#'=$8; ;;51;82cur'=$t'=$z!#d55r!#
565;6270112;8-C.*'=$@. - 8-C.*'=$@. - *-F+*&# D-8(); ;;51;82cur'=$t'=$z!#d55r!#
566;6270111;8-C.*'=$@. - 8-C.*'=$@. - *-F+*&# '=$&+B; ;;51;82cur'=$t'=$z!#d55r!#
567;6270104;8-C.*'=$@. - 8-C.*'=$@. - 8-*V'=$Ç+ '=$988@; ;;51;82cur'=$t'=$z!#d55r!#
568;140107;8J D+8 C#&()+8 - #88'=$8@-98C'=$# @34C98'=$C#; ;;18;L55j!#
569;140108;8J D+8 C#&()+8 - C+&()*#8 #L&+X#*'=$F#D+; ;;18;L55j!#
57;210105;B*#8'=$L'=$# - '=$&+B'=$L'=$Z#D+ #@'=$V+8; ;;56;29-'=$M55B'=$L'=$Z!#D55
570;140113;8J D+8 C#&()+8 - C+&()*#8 '=$&()+*@#ÇÃ+; ;;62;27-'=$M551455RT!#ÇÃ55
571;140109;8J D+8 C#&()+8 - C+&()*#8 &#@34*'=$# ()*'=$&#; ;;18;L55j!#
572;140110;8J D+8 C#&()+8 - C+&()*#8 ()#*# *-V-98D#; ;;2;10-5514!#G!#M298T55 F55R982C2D55R28 L55J!#8
573;140101;8J D+8 C#&()+8 - F+LH#; ;;19;F55lh!# L55j!#
574;140103;8J D+8 C#&()+8 - F*-@-; ;;20;Fr2t2
575;140105;8J D+8 C#&()+8 - '=$&+B'=$L'=$Z#D+ #@'=$V+8; ;;56;29-'=$M55B'=$L'=$Z!#D55
576;140106;8J D+8 C#&()+8 - '=$&+B'=$L'=$Z#D+ D-8()-8#8; ;;56;29-'=$M55B'=$L'=$Z!#D55
577;140102;8J D+8 C#&()+8 - +()-*#C'=$+98#'=$8; ;;18;L55j!#
578;140112;8J D+8 C#&()+8 - *-F+*&# D-8()-8#8; ;;18;L55j!#
579;140111;8J D+8 C#&()+8 - *-F+*&# '=$&+B'=$L'=$Z#D+; ;;56;29-'=$M55B'=$L'=$Z!#D55
58;210106;B*#8'=$L'=$# - '=$&+B'=$L'=$Z#D+ D-8()-8#8; ;;56;29-'=$M55B'=$L'=$Z!#D55
580;140104;8J D+8 C#&()+8 - 8-*V'=$Ç+ D- '=$988@#L#ÇÃ+; ;;18;L55j!#
581;80107;8+*+C#B# - #88'=$8@-98C'=$# @34C98'=$C#; ;;18;L55j!#
582;80108;8+*+C#B# - C+&()*#8 #L&+X#*'=$F#D+; ;;18;L55j!#
583;80113;8+*+C#B# - C+&()*#8 '=$&()+*@#ÇÃ+; ;;62;27-'=$M551455RT!#ÇÃ55
584;80109;8+*+C#B# - C+&()*#8 &#@34*'=$# ()*'=$&#; ;;18;L55j!#
585;80110;8+*+C#B# - C+&()*#8 ()#*# *-V-98D#; ;;2;10-5514!#G!#M298T55 F55R982C2D55R28 L55J!#8
586;80101;8+*+C#B# - F+LH#; ;;19;F55lh!# L55j!#
587;80103;8+*+C#B# - F*-@-; ;;20;Fr2t2
588;80105;8+*+C#B# - '=$&+B'=$L'=$Z#D+ #@'=$V+8; ;;56;29-'=$M55B'=$L'=$Z!#D55
589;80106;8+*+C#B# - '=$&+B'=$L'=$Z#D+ D-8()-8#8; ;;56;29-'=$M55B'=$L'=$Z!#D55
59;210102;B*#8'=$L'=$# - +()-*#C'=$+98#'=$8; ;;18;L55j!#
590;80102;8+*+C#B# - +()-*#C'=$+98#'=$8; ;;18;L55j!#
591;80112;8+*+C#B# - *-F+*&# D-8()-8#8; ;;18;L55j!#
592;80111;8+*+C#B# - *-F+*&# '=$&+B'=$L'=$Z#D+; ;;56;29-'=$M55B'=$L'=$Z!#D55
593;80104;8+*+C#B# - 8-*V'=$Ç+ D- '=$988@#L#ÇÃ+; ;;18;L55j!#
594;30107;8() - #88'=$8@-98C'=$# @34C98'=$C#; ;;18;L55j!#
595;30108;8() - C+&()*#8 #L&+X#*'=$F#D+; ;;18;L55j!#
596;30113;8() - C+&()*#8 '=$&()+*@#ÇÃ+; ;;62;27-'=$M551455RT!#ÇÃ55
597;30109;8() - C+&()*#8 &#@34*'=$# ()*'=$&#; ;;18;L55j!#
598;30110;8() - C+&()*#8 ()#*# *-V-98D#; ;;2;10-5514!#G!#M298T55 F55R982C2D55R28 L55J!#8
599;30101;8() - F+LH#; ;;19;F55lh!# L55j!#
6;;; ;(F'=$98) R2982G55C'=$!#C!#55 F'=$98!#98C D!#YC55V!#L;60;25-F'=$98!#98C'=$!#M298T558
60;210112;B*#8'=$L'=$# - *-F+*&# D-8()-8#8; ;;18;L55j!#
600;30103;8() - F*-@-; ;;20;Fr2t2
601;30105;8() - '=$&+B'=$L'=$Z#D+ #@'=$V+8; ;;56;29-'=$M55B'=$L'=$Z!#D55
602;30106;8() - '=$&+B'=$L'=$Z#D+ D-8()-8#8; ;;56;29-'=$M55B'=$L'=$Z!#D55
603;30102;8() - +()-*#C'=$+98#'=$8; ;;18;L55j!#
604;30112;8() - *-F+*&# D-8()-8#8; ;;18;L55j!#
605;30111;8() - *-F+*&# '=$&+B'=$L'=$Z#D+; ;;56;29-'=$M55B'=$L'=$Z!#D55
606;30104;8() - 8-*V'=$Ç+ D- '=$988@#L#ÇÃ+; ;;18;L55j!#
607;6180107;8()2 - L+J# - #88'=$8@. @-C; ;;18;L55j!#
608;6180108;8()2 - L+J# - C+& #L&+X; ;;18;L55j!#
609;6180113;8()2 - L+J# - C+& '=$&()+*@; ;;18;L55j!#
61;210111;B*#8'=$L'=$# - *-F+*&# '=$&+B'=$L'=$Z#D+; ;;56;29-'=$M55B'=$L'=$Z!#D55
610;6180109;8()2 - L+J# - C+& &#@ ()*'=$&#; ;;18;L55j!#
611;6180110;8()2 - L+J# - C+& ()/ *-V-98D#; ;;18;L55j!#
612;6180101;8()2 - L+J# - F+LH#; ;;19;F55lh!# L55j!#
613;6180103;8()2 - L+J# - F*-@-; ;;20;Fr2t2
614;6180105;8()2 - L+J# - '=$&+B #@'=$V+8; ;;56;29-'=$M55B'=$L'=$Z!#D55
615;6180106;8()2 - L+J# - '=$&+B D-8()-8#; ;;18;L55j!#
616;6180102;8()2 - L+J# - +()-*#C'=$+98#'=$8; ;;18;L55j!#
617;6180112;8()2 - L+J# - *-F+*&# D-8(); ;;18;L55j!#
618;6180111;8()2 - L+J# - *-F+*&# '=$&+B; ;;18;L55j!#
619;6180104;8()2 - L+J# - 8-*V'=$Ç+ '=$988@; ;;18;L55j!#
62;210104;B*#8'=$L'=$# - 8-*V'=$Ç+ D- '=$988@#L#ÇÃ+; ;;18;L55j!#
620;6060107;8@--L - C+&-*C'=$#L - #88'=$8@. @-C; ;;22;8t22l F. C55m2rc'=$!#l
621;6060108;8@--L - C+&-*C'=$#L - C+& #L&+X; ;;22;8t22l F. C55m2rc'=$!#l
622;6060113;8@--L - C+&-*C'=$#L - C+& '=$&()+*@; ;;22;8t22l F. C55m2rc'=$!#l
623;6060109;8@--L - C+&-*C'=$#L - C+& &#@ ()*'=$&#; ;;22;8t22l F. C55m2rc'=$!#l
624;6060110;8@--L - C+&-*C'=$#L - C+& ()/ *-V-98D#; ;;22;8t22l F. C55m2rc'=$!#l
625;6060101;8@--L - C+&-*C'=$#L - F+LH#; ;;22;8t22l F. C55m2rc'=$!#l
626;6060103;8@--L - C+&-*C'=$#L - F*-@-; ;;22;8t22l F. C55m2rc'=$!#l
627;6060105;8@--L - C+&-*C'=$#L - '=$&+B #@'=$V+8; ;;56;29-'=$M55B'=$L'=$Z!#D55
628;6060106;8@--L - C+&-*C'=$#L - '=$&+B D-8()-8#; ;;56;29-'=$M55B'=$L'=$Z!#D55
629;6060102;8@--L - C+&-*C'=$#L - +()-*#C'=$+98#'=$8; ;;22;8t22l F. C55m2rc'=$!#l
63;200107;C#&()+ G*#98D- - #88'=$8@-98C'=$# @34C98'=$C#; ;;18;L55j!#
630;6060112;8@--L - C+&-*C'=$#L - *-F+*&# D-8(); ;;22;8t22l F. C55m2rc'=$!#l
631;6060111;8@--L - C+&-*C'=$#L - *-F+*&# '=$&+B; ;;56;29-'=$M55B'=$L'=$Z!#D55
632;6060104;8@--L - C+&-*C'=$#L - 8-*V'=$Ç+ '=$988@; ;;22;8t22l F. C55m2rc'=$!#l
633;6110107;8@--L - '=$98D. DW - #88'=$8@. @-C; ;;28;8t22l F. '=$98dú8tr'=$!# DW
634;6110108;8@--L - '=$98D. DW - C+& #L&+X; ;;28;8t22l F. '=$98dú8tr'=$!# DW
635;6110113;8@--L - '=$98D. DW - C+& '=$&()+*@; ;;28;8t22l F. '=$98dú8tr'=$!# DW
636;6110109;8@--L - '=$98D. DW - C+& &#@ ()*'=$&#; ;;28;8t22l F. '=$98dú8tr'=$!# DW
637;6110110;8@--L - '=$98D. DW - C+& ()/ *-V-98D#; ;;28;8t22l F. '=$98dú8tr'=$!# DW
638;6110101;8@--L - '=$98D. DW - F+LH#; ;;28;8t22l F. '=$98dú8tr'=$!# DW
639;6110103;8@--L - '=$98D. DW - F*-@-; ;;28;8t22l F. '=$98dú8tr'=$!# DW
64;200108;C#&()+ G*#98D- - C+&()*#8 #L&+X#*'=$F#D+; ;;18;L55j!#
640;6110105;8@--L - '=$98D. DW - '=$&+B #@'=$V+8; ;;56;29-'=$M55B'=$L'=$Z!#D55
641;6110106;8@--L - '=$98D. DW - '=$&+B D-8()-8#; ;;56;29-'=$M55B'=$L'=$Z!#D55
642;6110102;8@--L - '=$98D. DW - +()-*#C'=$+98#'=$8; ;;28;8t22l F. '=$98dú8tr'=$!# DW
643;6110112;8@--L - '=$98D. DW - *-F+*&# D-8(); ;;28;8t22l F. '=$98dú8tr'=$!# DW
644;6110111;8@--L - '=$98D. DW - *-F+*&# '=$&+B; ;;28;8t22l F. '=$98dú8tr'=$!# DW
645;6110104;8@--L - '=$98D. DW - 8-*V'=$Ç+ '=$988@; ;;28;8t22l F. '=$98dú8tr'=$!# DW
646;6100107;8@--L - '=$98D. 8@L - #88'=$8@. @-C; ;;27;8t22l F. '=$98dú8tr'=$!#
647;6100108;8@--L - '=$98D. 8@L - C+& #L&+X; ;;27;8t22l F. '=$98dú8tr'=$!#
648;6100113;8@--L - '=$98D. 8@L - C+& '=$&()+*@; ;;27;8t22l F. '=$98dú8tr'=$!#
649;6100109;8@--L - '=$98D. 8@L - C+& &#@ ()*'=$&#; ;2982RG'=$!# 2L2TR'=$C!#;4;11-5514!#G!#M298T55 F55R982C2D55R28 '=$98D. 8T22L 90 d'=$!#8
65;200113;C#&()+ G*#98D- - C+&()*#8 '=$&()+*@#ÇÃ+; ;;62;27-'=$M551455RT!#ÇÃ55
650;6100109;8@--L - '=$98D. 8@L - C+& &#@ ()*'=$&#; ;;27;8t22l F. '=$98dú8tr'=$!#
651;6100110;8@--L - '=$98D. 8@L - C+& ()/ *-V-98D#; ;2982RG'=$!# 2L2TR'=$C!#;4;11-5514!#G!#M298T55 F55R982C2D55R28 '=$98D. 8T22L 90 d'=$!#8
652;6100110;8@--L - '=$98D. 8@L - C+& ()/ *-V-98D#; ;;27;8t22l F. '=$98dú8tr'=$!#
653;6100101;8@--L - '=$98D. 8@L - F+LH#; ;;27;8t22l F. '=$98dú8tr'=$!#
654;6100103;8@--L - '=$98D. 8@L - F*-@-; ;2982RG'=$!# 2L2TR'=$C!#;4;11-5514!#G!#M298T55 F55R982C2D55R28 '=$98D. 8T22L 90 d'=$!#8
655;6100103;8@--L - '=$98D. 8@L - F*-@-; ;;27;8t22l F. '=$98dú8tr'=$!#
656;6100105;8@--L - '=$98D. 8@L - '=$&+B #@'=$V+8; ;;56;29-'=$M55B'=$L'=$Z!#D55
657;6100106;8@--L - '=$98D. 8@L - '=$&+B D-8()-8#; ;;56;29-'=$M55B'=$L'=$Z!#D55
658;6100102;8@--L - '=$98D. 8@L - +()-*#C'=$+98#'=$8; ;;27;8t22l F. '=$98dú8tr'=$!#
659;6100112;8@--L - '=$98D. 8@L - *-F+*&# D-8(); ;;27;8t22l F. '=$98dú8tr'=$!#
66;200109;C#&()+ G*#98D- - C+&()*#8 &#@34*'=$# ()*'=$&#; ;;18;L55j!#
660;6100111;8@--L - '=$98D. 8@L - *-F+*&# '=$&+B; ;;27;8t22l F. '=$98dú8tr'=$!#
661;6100104;8@--L - '=$98D. 8@L - 8-*V'=$Ç+ '=$988@; ;;27;8t22l F. '=$98dú8tr'=$!#
662;6070107;8@--L - +*C#&-98@+ - #88'=$8@. @-C; ;;24;8t22l F. 55rç!#m298t55
663;6070108;8@--L - +*C#&-98@+ - C+& #L&+X; ;;24;8t22l F. 55rç!#m298t55
664;6070113;8@--L - +*C#&-98@+ - C+& '=$&()+*@; ;;24;8t22l F. 55rç!#m298t55
665;6070109;8@--L - +*C#&-98@+ - C+& &#@ ()*'=$&#; ;;24;8t22l F. 55rç!#m298t55
666;6070110;8@--L - +*C#&-98@+ - C+& ()/ *-V-98D#; ;;24;8t22l F. 55rç!#m298t55
667;6070101;8@--L - +*C#&-98@+ - F+LH#; ;;24;8t22l F. 55rç!#m298t55
668;6070103;8@--L - +*C#&-98@+ - F*-@-; ;;24;8t22l F. 55rç!#m298t55
669;6070105;8@--L - +*C#&-98@+ - '=$&+B #@'=$V+8; ;;56;29-'=$M55B'=$L'=$Z!#D55
67;200110;C#&()+ G*#98D- - C+&()*#8 ()#*# *-V-98D#; ;;2;10-5514!#G!#M298T55 F55R982C2D55R28 L55J!#8
670;6070106;8@--L - +*C#&-98@+ - '=$&+B D-8()-8#; ;;56;29-'=$M55B'=$L'=$Z!#D55
671;6070102;8@--L - +*C#&-98@+ - +()-*#C'=$+98#'=$8; ;;24;8t22l F. 55rç!#m298t55
672;6070112;8@--L - +*C#&-98@+ - *-F+*&# D-8(); ;;24;8t22l F. 55rç!#m298t55
673;6070111;8@--L - +*C#&-98@+ - *-F+*&# '=$&+B; ;;56;29-'=$M55B'=$L'=$Z!#D55
674;6070104;8@--L - +*C#&-98@+ - 8-*V'=$Ç+ '=$988@; ;;24;8t22l F. 55rç!#m298t55
675;6080107;8@--L - ()*+J. -98G. - #88'=$8@. @-C; ;;25;8t22l F. 5514r55j. 298g.
676;6080108;8@--L - ()*+J. -98G. - C+& #L&+X; ;;25;8t22l F. 5514r55j. 298g.
677;6080113;8@--L - ()*+J. -98G. - C+& '=$&()+*@; ;;25;8t22l F. 5514r55j. 298g.
678;6080109;8@--L - ()*+J. -98G. - C+& &#@ ()*'=$&#; ;;25;8t22l F. 5514r55j. 298g.
679;6080110;8@--L - ()*+J. -98G. - C+& ()/ *-V-98D#; ;;25;8t22l F. 5514r55j. 298g.
68;200101;C#&()+ G*#98D- - F+LH#; ;;19;F55lh!# L55j!#
680;6080101;8@--L - ()*+J. -98G. - F+LH#; ;;25;8t22l F. 5514r55j. 298g.
681;6080103;8@--L - ()*+J. -98G. - F*-@-; ;;25;8t22l F. 5514r55j. 298g.
682;6080105;8@--L - ()*+J. -98G. - '=$&+B #@'=$V+8; ;;56;29-'=$M55B'=$L'=$Z!#D55
683;6080106;8@--L - ()*+J. -98G. - '=$&+B D-8()-8#; ;;56;29-'=$M55B'=$L'=$Z!#D55
684;6080102;8@--L - ()*+J. -98G. - +()-*#C'=$+98#'=$8; ;;25;8t22l F. 5514r55j. 298g.
685;6080112;8@--L - ()*+J. -98G. - *-F+*&# D-8(); ;;25;8t22l F. 5514r55j. 298g.
686;6080111;8@--L - ()*+J. -98G. - *-F+*&# '=$&+B; ;;56;29-'=$M55B'=$L'=$Z!#D55
687;6080104;8@--L - ()*+J. -98G. - 8-*V'=$Ç+ '=$988@; ;;25;8t22l F. 5514r55j. 298g.
688;6090107;8@--L - ()*+J-@+ - #88'=$8@. @-C; ;;26;8t22l F. 5514r55j. 5514r5598t55
689;6090108;8@--L - ()*+J-@+ - C+& #L&+X; ;;26;8t22l F. 5514r55j. 5514r5598t55
69;200103;C#&()+ G*#98D- - F*-@-; ;;20;Fr2t2
690;6090113;8@--L - ()*+J-@+ - C+& '=$&()+*@; ;;26;8t22l F. 5514r55j. 5514r5598t55
691;6090109;8@--L - ()*+J-@+ - C+& &#@ ()*'=$&#; ;;26;8t22l F. 5514r55j. 5514r5598t55
692;6090110;8@--L - ()*+J-@+ - C+& ()/ *-V-98D#; ;;26;8t22l F. 5514r55j. 5514r5598t55
693;6090101;8@--L - ()*+J-@+ - F+LH#; ;;26;8t22l F. 5514r55j. 5514r5598t55
694;6090103;8@--L - ()*+J-@+ - F*-@-; ;;26;8t22l F. 5514r55j. 5514r5598t55
695;6090105;8@--L - ()*+J-@+ - '=$&+B #@'=$V+8; ;;56;29-'=$M55B'=$L'=$Z!#D55
696;6090106;8@--L - ()*+J-@+ - '=$&+B D-8()-8#; ;;26;8t22l F. 5514r55j. 5514r5598t55
697;6090102;8@--L - ()*+J-@+ - +()-*#C'=$+98#'=$8; ;;26;8t22l F. 5514r55j. 5514r5598t55
698;6090112;8@--L - ()*+J-@+ - *-F+*&# D-8(); ;;26;8t22l F. 5514r55j. 5514r5598t55
699;6090111;8@--L - ()*+J-@+ - *-F+*&# '=$&+B; ;;26;8t22l F. 5514r55j. 5514r5598t55
7;;; ;(F'=$98) R2982G55C'=$!#C!#55 F'=$98!#98C 8!#FR!#;60;25-F'=$98!#98C'=$!#M298T558
70;200105;C#&()+ G*#98D- - '=$&+B'=$L'=$Z#D+ #@'=$V+8; ;;56;29-'=$M55B'=$L'=$Z!#D55
700;6090104;8@--L - ()*+J-@+ - 8-*V'=$Ç+ '=$988@; ;;26;8t22l F. 5514r55j. 5514r5598t55
701;6000107;8.()()LY - CD - #88'=$8@. @-C; ;;38;8u55145514ly CD
702;6000108;8.()()LY - CD - C+& #L&+X; ;;38;8u55145514ly CD
703;6000113;8.()()LY - CD - C+& '=$&()+*@; ;;38;8u55145514ly CD
704;6000109;8.()()LY - CD - C+& &#@ ()*'=$&#; ;;38;8u55145514ly CD
705;6000110;8.()()LY - CD - C+& ()/ *-V-98D#; ;;2;10-5514!#G!#M298T55 F55R982C2D55R28 L55J!#8
706;6000103;8.()()LY - CD - F*-@-; ;;38;8u55145514ly CD
707;6000105;8.()()LY - CD - '=$&+B #@'=$V+8; ;;56;29-'=$M55B'=$L'=$Z!#D55
708;6000106;8.()()LY - CD - '=$&+B D-8()-8#; ;;38;8u55145514ly CD
709;6000102;8.()()LY - CD - +()-*#C'=$+98#'=$8; ;;38;8u55145514ly CD
71;200106;C#&()+ G*#98D- - '=$&+B'=$L'=$Z#D+ D-8()-8#8; ;;56;29-'=$M55B'=$L'=$Z!#D55
710;6000112;8.()()LY - CD - *-F+*&# D-8(); ;;38;8u55145514ly CD
711;6000111;8.()()LY - CD - *-F+*&# '=$&+B; ;;38;8u55145514ly CD
712;6000104;8.()()LY - CD - 8-*V'=$Ç+ '=$988@; ;;38;8u55145514ly CD
713;6010107;8.()()LY - C+&()*#8 - #88'=$8@. @-C; ;;39;8u55145514ly C55m5514r!#8
714;6010108;8.()()LY - C+&()*#8 - C+& #L&+X; ;;39;8u55145514ly C55m5514r!#8
715;6010113;8.()()LY - C+&()*#8 - C+& '=$&()+*@; ;;39;8u55145514ly C55m5514r!#8
716;6010109;8.()()LY - C+&()*#8 - C+& &#@ ()*'=$&#; ;;39;8u55145514ly C55m5514r!#8
717;6010110;8.()()LY - C+&()*#8 - C+& ()/ *-V-98D#; ;;2;10-5514!#G!#M298T55 F55R982C2D55R28 L55J!#8
718;6010103;8.()()LY - C+&()*#8 - F*-@-; ;;39;8u55145514ly C55m5514r!#8
719;6010105;8.()()LY - C+&()*#8 - '=$&+B #@'=$V+8; ;;56;29-'=$M55B'=$L'=$Z!#D55
72;200102;C#&()+ G*#98D- - +()-*#C'=$+98#'=$8; ;;18;L55j!#
720;6010106;8.()()LY - C+&()*#8 - '=$&+B D-8()-8#; ;;56;29-'=$M55B'=$L'=$Z!#D55
721;6010102;8.()()LY - C+&()*#8 - +()-*#C'=$+98#'=$8; ;;39;8u55145514ly C55m5514r!#8
722;6010112;8.()()LY - C+&()*#8 - *-F+*&# D-8(); ;;39;8u55145514ly C55m5514r!#8
723;6010111;8.()()LY - C+&()*#8 - *-F+*&# '=$&+B; ;;39;8u55145514ly C55m5514r!#8
724;6010104;8.()()LY - C+&()*#8 - 8-*V'=$Ç+ '=$988@; ;;39;8u55145514ly C55m5514r!#8
725;6000101;8.()()LY CD - F+LH#; ;;38;8u55145514ly CD
726;6010101;8.()()LY C+&()*#8 - F+LH#; ;;39;8u55145514ly C55m5514r!#8
727;6130107;T-X - T-XT.*'=$Z-  - #88'=$8T. T-C; ;;54;T2xtur'=$82
728;6130108;T-X - T-XT.*'=$Z-  - C+& #L&+X; ;;54;T2xtur'=$82
729;6130113;T-X - T-XT.*'=$Z-  - C+& '=$&()+*T; ;;54;T2xtur'=$82
73;200112;C#&()+ G*#98D- - *-F+*&# D-8()-8#8; ;;18;L55j!#
730;6130109;T-X - T-XT.*'=$Z-  - C+& &#T ()*'=$&#; ;;54;T2xtur'=$82
731;6130110;T-X - T-XT.*'=$Z-  - C+& ()/ *-V-98D#; ;;54;T2xtur'=$82
732;6130101;T-X - T-XT.*'=$Z-  - F+LH#; ;;54;T2xtur'=$82
733;6130103;T-X - T-XT.*'=$Z-  - F*-T-; ;;54;T2xtur'=$82
734;6130105;T-X - T-XT.*'=$Z-  - '=$&+B #T'=$V+8; ;;56;29-'=$M55B'=$L'=$Z!#D55
735;6130106;T-X - T-XT.*'=$Z-  - '=$&+B D-8()-8#; ;;56;29-'=$M55B'=$L'=$Z!#D55
736;6130102;T-X - T-XT.*'=$Z-  - +()-*#C'=$+98#'=$8; ;;54;T2xtur'=$82
737;6130112;T-X - T-XT.*'=$Z-  - *-F+*&# D-8(); ;;54;T2xtur'=$82
738;6130111;T-X - T-XT.*'=$Z-  - *-F+*&# '=$&+B; ;;54;T2xtur'=$82
739;6130104;T-X - T-XT.*'=$Z-  - 8-*V'=$Ç+ '=$988T; ;;54;T2xtur'=$82
74;200111;C#&()+ G*#98D- - *-F+*&# '=$&+B'=$L'=$Z#D+; ;;56;29-'=$M55B'=$L'=$Z!#D55
740;6250107;T'=$ - T'=$ - #88'=$8T. T-C; ;;37;T'=$
741;6250108;T'=$ - T'=$ - C+& #L&+X; ;;37;T'=$
742;6250113;T'=$ - T'=$ - C+& '=$&()+*T; ;;37;T'=$
743;6250109;T'=$ - T'=$ - C+& &#T ()*'=$&#; ;;37;T'=$
744;6250110;T'=$ - T'=$ - C+& ()/ *-V-98D#; ;;37;T'=$
745;6250101;T'=$ - T'=$ - F+LH#; ;;37;T'=$
746;6250103;T'=$ - T'=$ - F*-T-; ;;37;T'=$
747;6250105;T'=$ - T'=$ - '=$&+B #T'=$V+8; ;;56;29-'=$M55B'=$L'=$Z!#D55
748;6250106;T'=$ - T'=$ - '=$&+B D-8()-8#; ;;56;29-'=$M55B'=$L'=$Z!#D55
749;6250102;T'=$ - T'=$ - +()-*#C'=$+98#'=$8; ;;37;T'=$
75;200104;C#&()+ G*#98D- - 8-*V'=$Ç+ D- '=$988T#L#ÇÃ+; ;;18;L55j!#
750;6250112;T'=$ - T'=$ - *-F+*&# D-8(); ;;37;T'=$
751;6250111;T'=$ - T'=$ - *-F+*&# '=$&+B; ;;56;29-'=$M55B'=$L'=$Z!#D55
752;6250104;T'=$ - T'=$ - 8-*V'=$Ç+ '=$988T; ;;37;T'=$
753;230107;.B-*L#98D'=$# - #88'=$8T-98C'=$# T34C98'=$C#; ;;18;L55j!#
754;230108;.B-*L#98D'=$# - C+&()*#8 #L&+X#*'=$F#D+; ;;18;L55j!#
755;230113;.B-*L#98D'=$# - C+&()*#8 '=$&()+*T#ÇÃ+; ;;62;27-'=$M551455RT!#ÇÃ55
756;230109;.B-*L#98D'=$# - C+&()*#8 &#T34*'=$# ()*'=$&#; ;;2;10-5514!#G!#M298T55 F55R982C2D55R28 L55J!#8
757;230110;.B-*L#98D'=$# - C+&()*#8 ()#*# *-V-98D#; ;;2;10-5514!#G!#M298T55 F55R982C2D55R28 L55J!#8
758;230101;.B-*L#98D'=$# - F+LH#; ;;19;F55lh!# L55j!#
759;230103;.B-*L#98D'=$# - F*-T-; ;;20;Fr2t2
76;160107;C#8C#V-L - #88'=$8T-98C'=$# T34C98'=$C#; ;;18;L55j!#
760;230105;.B-*L#98D'=$# - '=$&+B'=$L'=$Z#D+ #T'=$V+8; ;;56;29-'=$M55B'=$L'=$Z!#D55
761;230106;.B-*L#98D'=$# - '=$&+B'=$L'=$Z#D+ D-8()-8#8; ;;56;29-'=$M55B'=$L'=$Z!#D55
762;230102;.B-*L#98D'=$# - +()-*#C'=$+98#'=$8; ;;18;L55j!#
763;230112;.B-*L#98D'=$# - *-F+*&# D-8()-8#8; ;;18;L55j!#
764;230111;.B-*L#98D'=$# - *-F+*&# '=$&+B'=$L'=$Z#D+; ;;56;29-'=$M55B'=$L'=$Z!#D55
765;230104;.B-*L#98D'=$# - 8-*V'=$Ç+ D- '=$988T#L#ÇÃ+; ;;18;L55j!#
766;6210107;V-98D#8 T-C - V-98D#8 - #88'=$8T. T-C; ;;29;V298d!#8 T34c98'=$c!#8
767;6210108;V-98D#8 T-C - V-98D#8 - C+& #L&+X; ;;29;V298d!#8 T34c98'=$c!#8
768;6210113;V-98D#8 T-C - V-98D#8 - C+& '=$&()+*T; ;;29;V298d!#8 T34c98'=$c!#8
769;6210109;V-98D#8 T-C - V-98D#8 - C+& &#T ()*'=$&#; ;;29;V298d!#8 T34c98'=$c!#8
77;160108;C#8C#V-L - C+&()*#8 #L&+X#*'=$F#D+; ;;18;L55j!#
770;6210110;V-98D#8 T-C - V-98D#8 - C+& ()/ *-V-98D#; ;;29;V298d!#8 T34c98'=$c!#8
771;6210101;V-98D#8 T-C - V-98D#8 - F+LH#; ;;29;V298d!#8 T34c98'=$c!#8
772;6210103;V-98D#8 T-C - V-98D#8 - F*-T-; ;;29;V298d!#8 T34c98'=$c!#8
773;6210105;V-98D#8 T-C - V-98D#8 - '=$&+B #T'=$V+8; ;;56;29-'=$M55B'=$L'=$Z!#D55
774;6210106;V-98D#8 T-C - V-98D#8 - '=$&+B D-8()-8#; ;;56;29-'=$M55B'=$L'=$Z!#D55
775;6210102;V-98D#8 T-C - V-98D#8 - +()-*#C'=$+98#'=$8; ;;29;V298d!#8 T34c98'=$c!#8
776;6210112;V-98D#8 T-C - V-98D#8 - *-F+*&# D-8(); ;;29;V298d!#8 T34c98'=$c!#8
777;6210111;V-98D#8 T-C - V-98D#8 - *-F+*&# '=$&+B; ;;29;V298d!#8 T34c98'=$c!#8
778;6210104;V-98D#8 T-C - V-98D#8 - 8-*V'=$Ç+ '=$988T; ;;29;V298d!#8 T34c98'=$c!#8
78;160113;C#8C#V-L - C+&()*#8 '=$&()+*T#ÇÃ+; ;;62;27-'=$M551455RT!#ÇÃ55
79;160109;C#8C#V-L - C+&()*#8 &#T34*'=$# ()*'=$&#; ;;18;L55j!#
8;;; ;(F'=$98) R2982G55C'=$!#C!#55 F'=$98!#98C V55LV55;60;25-F'=$98!#98C'=$!#M298T558
80;160110;C#8C#V-L - C+&()*#8 ()#*# *-V-98D#; ;;2;10-5514!#G!#M298T55 F55R982C2D55R28 L55J!#8
81;160101;C#8C#V-L - F+LH#; ;;19;F55lh!# L55j!#
82;160103;C#8C#V-L - F*-T-; ;;20;Fr2t2
83;160105;C#8C#V-L - '=$&+B'=$L'=$Z#D+ #T'=$V+8; ;;56;29-'=$M55B'=$L'=$Z!#D55
84;160106;C#8C#V-L - '=$&+B'=$L'=$Z#D+ D-8()-8#8; ;;56;29-'=$M55B'=$L'=$Z!#D55
85;160102;C#8C#V-L - +()-*#C'=$+98#'=$8; ;;18;L55j!#
86;160112;C#8C#V-L - *-F+*&# D-8()-8#8; ;;18;L55j!#
87;160111;C#8C#V-L - *-F+*&# '=$&+B'=$L'=$Z#D+; ;;56;29-'=$M55B'=$L'=$Z!#D55
88;160104;C#8C#V-L - 8-*V'=$Ç+ D- '=$988T#L#ÇÃ+; ;;18;L55j!#
89;270107;CH#()-C+ - #88'=$8T-98C'=$# T34C98'=$C#; ;;18;L55j!#
9;;; ;(F'=$98) R2982G55C'=$!#C!#55 F'=$98!#98C'=$M C98H '=$V2C55;60;25-F'=$98!#98C'=$!#M298T558
90;270108;CH#()-C+ - C+&()*#8 #L&+X#*'=$F#D+; ;;18;L55j!#
91;270113;CH#()-C+ - C+&()*#8 '=$&()+*T#ÇÃ+; ;;62;27-'=$M551455RT!#ÇÃ55
92;270109;CH#()-C+ - C+&()*#8 &#T34*'=$# ()*'=$&#; ;;2;10-5514!#G!#M298T55 F55R982C2D55R28 L55J!#8
93;270110;CH#()-C+ - C+&()*#8 ()#*# *-V-98D#; ;;2;10-5514!#G!#M298T55 F55R982C2D55R28 L55J!#8
94;270101;CH#()-C+ - F+LH#; ;;19;F55lh!# L55j!#
95;270103;CH#()-C+ - F*-T-; ;;20;Fr2t2
96;270105;CH#()-C+ - '=$&+B'=$L'=$Z#D+ #T'=$V+8; ;;56;29-'=$M55B'=$L'=$Z!#D55
97;270106;CH#()-C+ - '=$&+B'=$L'=$Z#D+ D-8()-8#8; ;;56;29-'=$M55B'=$L'=$Z!#D55
98;270102;CH#()-C+ - +()-*#C'=$+98#'=$8; ;;18;L55j!#
99;270112;CH#()-C+ - *-F+*&# D-8()-8#8; ;;18;L55j!#
